人類にとって、食料や水などとともにエネルギーも生活していく上で必要不可欠なものになってきている。このような中、嶋田研究室ではエネルギー効率の改善につながる磁気エネルギー回生スイッチ(MERS)を開発し、様々なものへの応用を研究している。また、電気の貯蔵方法も研究をしており、特に超電導を利用した超電導磁気エネルギー貯蔵や、フライホイールを利用した貯蔵などの研究も行なっている。今回の取材ではこれらの研究内容を伺った。,エネルギーの未来を見据え,嶋田 隆一 ,64-4,64,環境・社会理工学院
近年、社会には膨大な量の情報が氾濫している。その情報全てに我々が目を通すことは到底不可能である。そこで必要となってくるのが必要な情報の重要な部分に速やかにアクセスすることである。徳永では自然言語処理を用いた技術によってこれの実現を目指している。,よりよい情報社会へ,徳永 健伸 ,63-2,63,情報理工学院
ファージ、それは細菌にのみ感染するウイルスである。このウイルスを用いた研究が、病原菌に対する新たな防御手段として、最近注目を集めるようになった。今回紹介するのは、ファージを抗菌剤として使うための研究と、ある場所に特定の最近がいるかどうか調べるための研究をしている丹治である。,蘇りし抗菌剤研究,丹治 保典 ,63-3,63,生命理工学院
現在、モノ開発の主流はデジタル設計技術を用いたデータベースによる開発である。萩原ではデータベースによる開発をすすめる技術である「リバースエンジニアリング」の研究を行っている。また、実際にデジタル設計技術を用いて自動車の部材等の開発を行い、自動車の軽量化に関する研究も行っている。,先進的なものつくりを目指して,萩原 一郎 ,63-4,63,工学院
上を見上げると空が広がっていて、その空の向こうには宇宙があって。人はこの広がる世界を次々と解明してきた。月をはじめ次々と惑星を探索し、ブラックホールの存在を発見した。だが、宇宙は無限である。宇宙の神秘もまた無限に存在する。宇宙の誕生「ビッグバン」を明らかにするも、その宇宙の起源にはまだ謎は多い。河合では宇宙の起源を探るため宇宙から飛来するガンマ線バーストの研究を行なっている。,宇宙の神秘を追い求めて,河合 誠之 ,63-5,63,理学院
現在、コンピュータは我々の産業の中心に位置している。その性能は現在もなお発達し続けており、より難しい処理も高速に行えるようになっている。しかし、その功績はコンピュータ自身の発展だけによるものではない。コンピュータにどのように処理をさせるかを考えている人たちの努力の賜物でもある。今回取材に伺った渡辺もその一端を担っている。本記事では、コンピュータに効率よく処理を行わせるために渡辺がどのような工夫を行っているのかを紹介していく。,NP困難問題とアルゴリズム,渡辺 治 ,62-1,62,情報理工学院
産業革命以来、我々人類が頼り続けてきたエネルギー源、化石燃料は有限のものである。近年、化石燃料の枯渇が危ぶまれ、新たなエネルギー源の模索が続けられている。このエネルギー問題はそれ単独の問題ではなく、その他の々な問題とも絡みあった非常に複雑な問題である。加藤先生は化学反応を利用する立場から、新たなエネルギーシステムの構築を目指し、様々なアプローチを試みている。今回は先生の研究成果であるヒートポンプの新たな可能性や、先生が提唱 する独自のエネルギーシステムを紹介しよう。,エネルギーの未来を見据えて,加藤 之貴 ,62-2,62,工学院
経営環境や研究開発に関する『道しるべ』や『兆し』といったものを探すのが、技術経営という学問分野の役割の一つである。しかし、自然科学と比べると実際にどのような研究が行われているかの想像がつきにくい。そこで今回は、前半では、企業経営成功の手がかり探しの研究について、後半では、ナノテクノロジーが世の中に及ぼす影響について調査した研究を例に、技術経営戦略専攻・宮崎でどういった研究が行われているかについて見ていこうと思う。,新しい技術を世界へ,宮崎 久美子 ,62-4,62,環境・社会理工学院
化石燃料の枯渇、環境汚染などの諸問題により新たなエネルギー供給源として燃料電池が近年大変注目を浴びている。しかし、その燃料となる不純物の少ない純粋な水素は自然界にはほとんど存在しない。そこで、人工的な水素の製造、精製の研究が必要となる。多くの研究者が定常的な触媒による水素精製の研究を行っている。一方、今回訪れた相田では非定常操作という日本では珍しい独自の研究をしている。数ある研究の中で擬似移動層反応器を用いた水素精製について話を伺った。,「非定常」が重要なキーワード,相田 隆司 ,61-1,61,物質理工学院
かつての学歴社会の時代が終焉し、現在大学全入時代を迎えようとしている。そのような時代の変化の中で、教育環境が急激に変化していると同時に、教育の成果を測定する手段であるテストの役割も大きく変化している。一方でテストの様式については、昔から今の入学試験で行われているような様式を取っている。 だが近年、そのような日本のテスト状況を見直す動きが出始めている。今回ご紹介する前川先生も現在の日本のテストに疑問を持ち、新たなテストの開発に向けて研究に取り組んでいる。,真の公平を目指して,前川 眞一 ,61-2,61,環境・社会理工学院
人間は、より安全で快適な生活を求めて橋・堤防・道路・ダムといった構造物から、日々の生活に使用する身のまわり品に至るまで多くのものを生み出してきた。しかし、それらを製造したり使用したりすることに伴う様々な環境問題を通して、環境への負荷を可能な限り低く抑える配慮の大切さを認識させられることとなった。地球の環境を守ることが私達にとって重要な課題であることは、もはや疑いないだろう。上下水道や廃棄物処分場など土木の分野から環境を考える浦瀬先生の話を伺った。,環境中の微量物質を探る,浦瀬 太郎 ,61-3,61,工学院
東工大で発明されたことで有名な磁性材料フェライト。阿部・中川（貴）は、そのフェライトを用いた新たな技術の開発に日々取り組んでいる。,フェライトが拓く未来,阿部・中川 ,60-1,60,工学院
従来の強度型耐震構造に比べて耐震性能が高く、震度６強レベルの大地震にも耐えうる制振構造と免震構造。竹内では、様々な鋼構造に制振構造や免震構造の技術を適用する方法について研究している。,次世代の建築鋼構造に向けて,竹内 徹 ,59-1,59,環境・社会理工学院
エネルギー問題解決の可能性を秘めた燃料電池や、新たな蓄電装置として注目されつつある電気化学キャパシタ。脇では材料の微細構造を制御することで、これらの性能をより向上させることを目指している。,ナノの世界を操作する,脇 慶子 ,59-2,59,その他
音声や動画データの意味をコンピュータが認識し、分類できれば誰もが簡単に必要な情報にアクセスできるようになる。今回訪れた古井・篠田では音声に関する研究から動画像認識への応用まで様々な研究が成されている。,音・動画、その意味とは何か？,古井・篠田 ,59-3,59,情報理工学院
里ではアルミニウムやマグネシウムといった軽金属の研究に取り組んでいる。今回はその中でも省エネ化、省資源化の観点から鉄の代替材料として期待されているアルミニウムの研究について紹介しよう。,不思議なミクロ組織の世界,里 達雄 ,59-4,59,物質理工学院
現在の素粒子・原子核の実験は大型の加速器を用いた大がかりなものが主流となってきているが、今回紹介する旭では自作の実験装置で原子核、特にエネルギー的に不安定な原子核の研究を行っている。,原子核物理の新領域に挑む,旭 耕一郎 ,58-1,58,理学院
人らしい学習を実現するため、新たな画像認識システム「SOINN」を用い、自分で見聞きして物の概念を習得していくヒュ－マノイドロボットを作成しているである。,人らしいロボットをつくる,長谷川 修 ,58-2,58,工学院
ケーキなどの冷却材に使用されているというイメージの強いドライアイス。北川・塚越では、そのドライアイスを駆動力として評価している。リハビリ補助機から救助ロボットにまで応用可能な、流体による駆動力－フルードパワーの力を見ていただきたい。,フルードパワーで人助け,北川・塚越 ,58-3,58,工学院
人間の赤ちゃんは誰に教わるでもなく様々なことを学習していく。これは学習が自己組織化により行われているからである。伊藤では汎用性のある学習システムの記述を模索している。,キカイの育て方,伊藤 宏司 ,57-1,57,工学院
科学の発展によって引き起こされた環境問題を解決できるのは科学の更なる発展でしかない。 そう思われていた今日に新たな手法を展開する石川。今回はその手法について話を伺った。,環境科学の新たな視点,石川 忠晴 ,57-3,57,その他
物質は粒子であり波である。知識としては知っているが、実感できないものである。 しかし、上田先生が研究対象としているボースアインシュタイン凝縮は粒子と波の性質が顕著に表れた実に不思議なものである。,時をこえて、よみがえる物理学院,上田 正仁 ,56-1,56,理学院
糖が機械になる。糖の立体構造を利用し筋肉のように伸び縮みする糖鎖を作ることを研究しているのがここ湯浅である。 私たちの糖＝エネルギー源という固定観念をすてる時がもうそこまでやってきた。,糖鎖の新たな可能性を探る,湯浅 英哉 ,56-3,56,生命理工学院
より効率よく機械を制御させるか 井村では、制御の新たな形である時々刻々と最適な運動を求めさせるハイブリットシステム制御の研究を行っている。,新しい制御のカタチ,井村 順一 ,56-4,56,情報理工学院
中村では生体内でも最も謎に満ちた機関である脳の働きを再現することを目指し、脳のモデル化と実験を行っている。従来のような医学的立場ではなく、情報学者の見地から脳を切り拓いていくことによる新たな発見がここで見られるだろう。,人工脳の礎を築く,中村 清彦 ,55-1,55,情報理工学院
金嶋では地球内の成層構造に関する詳細なモデルを造る研究を行っている。 従来の地震波トモグラフィーでは検知できなかった細く複雑な構造を新たな手法を用いることで解決しようとする中村先生を追った。,地震波が伝える地球内部構造,金嶋 聰 ,55-2,55,理学院
流体の研究が始められてから180年。そして乱流が認識されてから120年。 このたび今までなぞだった乱流の構造を宮内・店橋先生方が解明するに至った。謎とされていたこの乱流の構造について先生がたから伺った。,流れを知り、流れを操る,宮内・店橋 ,55-4,55,工学院
中性子捕獲の起こりやすさを表す中性子捕獲断面積。その測定を通じ、中性子捕獲反応の起こりやすさが中性子の速さに比例するというv則の実証に成功した井頭を紹介する。,中性子を捉えて核心に迫る,井頭 政之 ,54-1,54,環境・社会理工学院
岡畑・森では、DNAを材料として用いる研究を行っている。脂質複合体イオンを結合させたDNAから、フィルムの作製を試みたのである。,生体から生まれる新素材,岡畑・森 ,54-2,54,生命理工学院
時代を見つめ都市を描く中井より、都市の景観問題と都市縮小という二つの研究テーマを紹介。これからの都市と私たちの関係。たまには立ち止まって考えてみるのも悪くない。,時代と歩む都市計画,中井 検裕 ,54-3,54,その他
都市部で頻繁に見られる逆L字型橋脚のほとんどは阪神大震災クラスの地震に耐えられない。そこで川島ではこの橋脚の耐震補強実験を通して、耐震基準制定を目指している。,暮らしを支える橋を目指して,川島 一彦 ,53-3,53,工学院
｢シンセシス｣－新たな機械システムの創造－ それが杉本・武田のテーマであり、ここでは今までにない独創的な機械システムの開発が進められている。,新たに拓く機械の地平,杉本・武田 ,53-4,53,工学院
『生命』を維持するために最も大切な要素は『調節』であるという観点から研究を行う。久堀先生のこの研究スタイルは生命の本質を見抜いた上で確立されてきたものなのだろう。,調節を知り、生命を知る,久堀 徹 ,52-1,52,生命理工学院
世界はこえに満ちている。生き物たちのこえ。彼らは自分たちの生き方を主張しているのだ、己が体を楽器にして。そうして想いを曲に託す。さまざまな動物によって奏でられた曲は重なり合い、やがて、協奏曲へと昇華されるだろう。,生き物たちの協奏曲,本川 達雄 ,51-1,51,生命理工学院
岡村では、冷却によって超伝導マグネットの性能を向上させる研究を行っている。岡村先生は、冷媒の超流動ヘリウムが持つ特性をうまく冷却に活用する方法を考え出した。,超伝導を支える冷却技術,岡村 哲至 ,51-3,51,工学院
バーチャルリアリティという考えが生まれてからしばらくの時間が経過した。その間に起こったコンピュータの飛躍的な発達によって、それはいよいよ実現可能な技術として私達の前に現れようとしている。,現実を描く新たなキャンバス,中嶋 正之 ,51-4,51,情報理工学院
人は自らの知覚をもとに、まわりでどんなことが起こっているかを知ることができる。金子では知覚についての様々な性質について研究している。心理物理学院とも呼ばれるその学問分野の研究とはどのようなものか、話を伺った。,目に見える世界の姿をめぐって,金子 寛彦 ,51-5,51,工学院
ヒートアイランド現象や集中豪雨など、近年、都市域で様々な特異な気象現象が見られるようになった。神田では、それらの現象がどのようなプロセスを経て発生しているのかを実測に基づいて研究している。,都市を眺める新たな視点,神田 学 ,50-1,50,環境・社会理工学院
代数幾何学の研究を行っている石井。今回はその中でも、石井先生の研究の中心である特異点について伺った。極度に抽象化され、数学者にしか理解できなくなった現代数学を、厳密さを省き、できる限り直感的に語っていただいた。,特異点に魅せられて,石井 志保子 ,50-2,50,理学院
現在、建物が次々に建てられているが、それらは、どのような点に焦点を絞って考えられているのか。安田先生に、ポーラ美術館の設計の話をしていただくことで、設計という行為の一面を伺った。,森に埋まる光の美術館,安田 幸一 ,50-3,50,工学院
激動する国際情勢の中で、国際的なリーダーシップはどのようなプロセスで執られるのか。地球環境政治などの事例を通じ多国間合意形成について研究している、蟹江を紹介する。,激動する国際情勢と向き合う,蟹江 憲史 ,50-4,50,リベラルアーツ
材料を加工して機能を持たせることは工業の基本である。村上･大竹は、素材の強度や耐性を劇的に高める製法を開発している。その技術のカギとなるのが、実用化の研究が始まった炭素系の新物質だ。,新世代の素材加工技術,村上・大竹 ,49-2,49,工学院
多面体や球はすべて「同じ」ものとみなし、それらに共通する性質を調べていく数学の研究をトポロジーという。ここ小島研では、コンピュータを用いた大規模な計算やシミュレーションを積極的に活用し、様々なトポロジーの問題を研究している。,「実験」から見るトポロジー,小島 定吉 ,49-3,49,理学院
物理学院の世紀といわれた20世紀、量子物理学院により今まで説明できなかった現象が次々と解明されるようになった。青柳教授も、量子物理学院によってナノオーダーの物理現象を解明しようとしている一人である。今回はすずかけ台キャンパスにある青柳を伺った。,電子を操るナノの技,青柳 克信 ,49-4,49,その他
現在、私達の生活を脅かしている様々な環境問題を解決するため、国家レベルでの取り組みが成されています。このような中、大塚・山中では化学者の立場から環境問題を解決するため、環境に優しい触媒反応プロセスを目指して研究を行っています。,化学と環境の調和を目指して,大塚・山中 ,49-5,49,物質理工学院
生物活動の本質とは生体内物質の相互作用、とりわけ酵素の反応である。ＡＴＰ合成酵素と分子シャペロンという二つの酵素から生物の本質を探究している吉田を訪れた。,酵素の謎を探る,吉田 賢右 ,48-3,48,生命理工学院
コンピュータのシステムは従来（2003年４月当時）「集中型」が用いられてきていた。しかし、このシステムは様々な問題がありシステムに変革が望まれていた。 そこで森先生は「自律分散型」のシステムを世界で初めて考案し、「集中型」の様々な問題を解決したのであった。,世界に広がる自律分散システム,森 欣司 ,48-4,48,情報理工学院
21世紀はアイディアの時代だと言われる。20世紀に飛躍的な高度化を成し遂げたIT（情報通信技術）だが、これからは、そのITを如何に活用するかが求められるのだ。飯島ではそんなITの活用法を様々な角度から提案している。,21世紀型IT活用法～FMGの挑戦～,飯島 淳一 ,47-1,47,工学院
炭素だけがナノチューブという構造を持つのだろうか。この疑問に答えるために高柳先生は「金」に注目し研究を進めた。その末に発見されたのが「金ナノチューブ」である。その過程にはどのような困難があったのだろうか。,ナノの世界で何が起きる！？,高柳 邦夫 ,47-2,47,理学院
構造物はそのデザインによってどのように見られるのか。我々が日々目にするどんな構造物にも、それを作った人間の意志が込められている。ここ斎藤では、より「自然」な視点から構造物のデザインを行っている。,構造物のデザインと景観論,齋藤 潮 ,46-2,46,環境・社会理工学院
圦本では、隕石に含まれる安定同位体に注目して分析することで太陽系の歴史を解き明かそうとしている。また、素早く正確な同位体の検出のために、新しい観測機器の開発を並行して行っている。,同位体で宇宙の歴史を探る,圦本 尚義 ,46-3,46,理学院
一昔前では、想像すらつかなかった新しい材料。形状記憶合金や自己再生機能をもった材料は、まるで生きているかのような挙動を私達に見せてくれる。今回、この未来の材料についてのお話を伺った。,材料は生きている！？,若島・細田 ,46-4,46,その他
我々の周りの至る所で情報は伝達されている。絶えず流れ続ける情報は常に正常であるとは限らない。そんな情報の信頼性を守るための研究に取り組んでいるのが藤原である。符号理論による藤原の取り組みに迫ってみた。,情報を守る理論の開拓,藤原 英二 ,46-5,46,情報理工学院
ここ西森ではスピングラスという一種の複雑な状態を統計力学を用いて研究している。またこのように複雑な系を扱う統計力学の手法を用いて、画像修復に取り組んでいる。さらに、西森教授の研究方針について伺った。,従来の物理の枠を越えて,西森 秀稔 ,45-2,45,理学院
日本の音楽とは一体何なのか。誰もが一度は考えたことがあるだろう。そのような身近な音楽を研究することで、日本人とは何者なのか、という問題について研究しているのがここ細川である。,日本の音楽文化を追って,細川 周平 ,45-3,45,リベラルアーツ
山村ではDNAで計算するというDNAコンピュータの研究をしている。DNAコンピュータに対して計算科学と生命工学院の両方の視点から開発している。この記事ではDNAコンピュータの原点から最新の研究を紹介している。,DNAが作り出す計算,山村 雅幸 ,45-4,45,情報理工学院
近年の科学技術の発展により、従来までのように専門分野に特化しただけの人材では物足りなくなってきています。今の時代に求められている研究者の姿を明らかにします。,次世代の研究者たちへ,石川 智久 ,44-1,44,生命理工学院
下河邊では微小な世界に関する様々な研究が行われている。ここでは、マイクロマシンと超精密位置決めに関するものを中心に、その研究を紹介した。,ミクロの世界の機械たち,下河邊 明 ,44-2,44,工学院
枝元では、固体表面での反応を研究しています。そのなかでも、電子の挙動に着目した素反応過程についてうかがいました。,表面という新世界への挑戦,枝元 一之 ,44-3,44,理学院
人と技術。発展し続ける技術と我々人間がいかにうまくつきあっていくか。梅室ではこれをキーワードに日夜研究を進めている。,技術と人間の間に,梅室 博行 ,44-4,44,工学院
ゼータと呼ばれる、素数のまとまりについて研究。行列式表示によるリーマン予想への挑戦を始めとする最先端（2001年９月当時）の研究について伺った。,ゼータの世界へようこそ,黒川 信重,43-1,43,理学院
我々の社会には国同士の交渉、企業間の競争などを始め、相手との駆け引きを考えなければならないことは多い。こうした社会現象をゲーム理論を用いて研究を行っている。,ゲーム理論で見る社会,武藤 滋夫 ,43-2,43,工学院
私達の生活に欠かせないものとなってる高分子化合物。ここ鈴木では「新しい重合反応を用いて新しい高分子を作る」をコンセプトに研究を行っている。43号では、その中でもシクロデキストリンという巨大なモノマーを用いた重合反応、溶媒を使わずに重合を行う固相重合を主に紹介している。,新しいポリマーへの挑戦,鈴木 将人 ,43-3,43,物質理工学院
生命の基本単位である細胞は、驚くべき複雑な仕組みで分裂を制御している。遺伝情報の詰まった染色体を分裂する二つの細胞に分配する仕組みについて濱口では調べている。,細胞の運動を解析する,濱口 幸久 ,43-4,43,生命理工学院
中川では、更なる記録の高密度化を目指し、広範囲にわたって磁気記録の研究が行われている。その中でも新しい磁気記録方式の実用化に向けた研究を紹介する。,記録の高密度化を目指して,中川 茂樹 ,43-5,43,工学院
独創的な手法を用いて、生体反応機構の解明を目指している。基礎から応用まで、幅広い可能性を持った研究について話を伺った。,サイエンスに挑む,半田 宏 ,42-2,42,生命理工学院
世の中のありとあらゆる物理法則を支配しているエネルギー。これからの発展のために人類はいかにしてエネルギーを利用していけばよいのか？ そんなテーマで多様な角度から研究しているのが岡崎・伏信である。エネルギー資源問題などに深く切り込んでいる。,エネルギー新時代の夜明け,岡崎・伏信 ,42-3,42,工学院
錯体の励起状態についての研究がなされている海津。そのなかで錯体の発光をテーマにした研究に絞り紹介をします。,錯体の発光を追う,海津 洋行 ,42-4,42,理学院
先端技術においては、人工膜が燃料電池などの装置の心臓部として欠かせない役割を果たしている。谷岡では、より高度な機能、今までにない新しい機能を目指して、人工膜の可能性を探っている。,膜という装置,谷岡 明彦 ,42-5,42,工学院
原子核理論を研究。QGPから原子核内で起こっている現象や、ストレンジネスを含むハイパー核を探る。,原子核では何が起こっている？,岡 真 ,41-2,41,理学院
高分子は細長い紐状の分子だけではない。様々な形の高分子を作り出す研究をしている手塚をうかがった。,「形」から見た高分子,手塚 育志 ,41-3,41,物質理工学院
文化人類学を専攻とする上田先生は、「癒し」という言葉の創始者である。そんな上田先生が病める現代社会についてどう考えているかを東工大生をも焦点に当てつつ伺ってみた。,「癒し」の先駆者,上田 紀行 ,41-4,41,リベラルアーツ
ロボット技術など、他分野への応用が期待される物体追跡技術の研究を行っている。ニューラルネットワークという仕組みを使った、他とは違った方向からのアプローチの方法などについて伺った。,動く物体を追跡するために,熊澤 逸夫 ,41-5,41,工学院
アイソトポマーに関するさまざまな研究。代表的な成果であるN2Oに関する研究について、そしてそれに関連する採取・計測の方法について紹介する。また、先生の環境問題に対する態度や研究の経緯についても伺った。,アイソトポマーの開く未来,吉田 尚弘 ,41-6,41,物質理工学院
生物のように多機能なロボットを目指し、それを実現する独自の構造を持つロボットの設計・製作、それに伴うセンサの研究等を行う。,ロボットに夢を託して,小俣 透 ,40-2,40,その他
新しい触媒反応の開発に取り組む。単核錯体では成し得なかった反応を進行させるべく、独自の製法によるクラスター錯体を応用している。,クラスター触媒反応の開発,鈴木 寛治 ,40-4,40,物質理工学院
地球惑星科学の研究において、圧縮装置はなくてはならないものです。この高橋は世界屈指の量の圧縮装置をそろえて様々な研究（火山、月、他の惑星など）をしています。,地球内部へ迫る,高橋 栄一 ,40-5,40,理学院
携帯電話のような移動通信の研究。電波の干渉などをコンピュータ上で再現するシミュレータを開発している。先生がこの研究をはじめた経緯もうかがっている。,エンジニアと大学,鈴木 博 ,40-6,40,工学院
超伝導物質の特性を利用して、電磁波の発振装置や、人間の脳のような仕組みを持つコンピューターのためのデバイスをつくる研究に取り組む。,超伝導体を用いた新デバイス,井口 家成 ,39-1,39,理学院
血圧を調整するホルモンと骨形成との関連、動脈硬化におけるカルシウム沈着のメカニズム等広範囲に研究を展開し、現代病対策の基礎を作る。,生物実験センターにようこそ,萩原 啓実 ,39-3,39,生命理工学院
必要とされる知識を全ては持っておらず、周囲の意見に影響される主体が、より合理的に意志決定を行うための方法を設計する等の研究を行う。,より良い意志決定をめざして,坂野 達郎 ,39-4,39,環境・社会理工学院
機械の鼻、匂いセンサーが様々な匂いに対して示す反応の予測や有効性に関する理論の確立、匂いの出所を探し出すロボットの開発に取り組む。,鼻を使わず匂いを嗅ぐ,森泉・中本 ,39-5,39,工学院
文理融合をテーマとして法学を扱うこのでは、法学と理工学院の関係性に重点をおき、法律の人工知能やネット犯罪に対する法、理系技術者の法知識の必要性などの視点から法学の数理的解析の研究を行っています。,東工大と法学の奇妙な関係,金子 宏直 ,38-1,38,リベラルアーツ
与えられた情報を元に目的を達成するための最も相応しい手段を選び出すことを最適化と言います。ここでは、その最適化を数学とコンピュータを駆使して研究しています。その成果はいろいろな場所で応用されています。,より速く、より効率的に,小島 政和 ,38-2,38,情報理工学院
宇宙、それは人間にとって未開の地です。ここでは故障した人工衛星の回収、修理や宇宙空間で動くロボット、小型人工衛星の開発などの研究を通じて宇宙のさらなる開発を目指しています。,宇宙で使う道具を作ろう！,松永 三郎 ,38-4,38,工学院
このでは教育に関して様々な研究をしていますが、記事では特にコンピュータ関連のことを取り上げています。より使いやすくするためのユーザーインターフェイスやコンピュータの学習支援システムについて扱っています。,人に優しく、使いやすく,赤堀 侃司 ,38-5,38,情報理工学院
生体高分子を原子間力顕微鏡を用いて力学的に解析している。試料に外力を加え、その形状の変化や力学的な特性を観察する。,生物の解析法 －力学編－,猪飼 篤 ,37-1,37,生命理工学院
材料力学を中心に扱っている。材料強度の評価、非破壊検査、樹脂の開発や電子回路の強度問題など、幅広い分野を研究している。,形ある物、必ず壊れる,渋谷・井上・岸本 ,37-2,37,工学院
集積回路設計の自動化の研究。多数の素子を最小面積に配置する問題を取り扱っている。従来の方法を遥かに上回る性能を実現した。,詰め込むことは良いことだ,梶谷 洋司 ,37-3,37,工学院
らせん構造をとるポリペプチドについての研究。温度を変えることで右巻きから左巻きへ分子構造が変わる理由を研究している。,驚異の瞬間七変化!?,古屋 秀峰 ,37-5,37,工学院
人間が機械や環境とうまく接していくための学問である人間工学院を扱う。新幹線を運転する際の眼球運動などを測定して人間の動作をシュミレートし、安全性の向上に役立てる。,「人間」を工学院する！？,伊藤 謙治 ,36-1,36,工学院
通常の超伝導体とは違った振る舞いをする第二種超伝導体の振る舞いを、量子力学を用いて説明する。極低温システム研究センターの紹介。,極低温 静かな世界は大騒がせ,大熊 哲 ,36-2,36,理学院
土木工学院の中でも「土」を研究対象とし、建造物の基礎部分の地盤における挙動を予測する地盤工学院を扱う。遠心模型実験装置の紹介。,遠心力で地盤の性質を探る,竹村 次朗 ,36-3,36,工学院
LANDFALLで初めて訪れた教職系の研究室。動物の行動に注目し、効率のよい問題解決にむけての学習・思考過程を分析する。,心の世界を覗いてみる,中川 正宣 ,36-4,36,その他
中空糸膜を使った分離プロセスについて研究している。中空糸膜の用途、逆洗と呼ばれる操作の効率化について。,膜分離プロセスでの最適化を図る,吉川 史朗 ,36-5,36,物質理工学院
古典力学の運動はハミルトン系と呼ばれる方程式系により記述される。その系を用いて、力学の運動方程式の解の、時間無限遠方での挙動を考える。,数学で見る現代の古典力学,伊藤 秀一 ,36-6,36,理学院
建築の計画を立てる考え方を調べるために使う、スキーマグラマーという建築の規則性について研究している。,進化する建築,青木 義次 ,35-2,35,環境・社会理工学院
学問の分野では他の分野が少なからず関わっている。ここ草津白根火山観測所では唯一、化学科として火山の研究をしている（1998年12月当時）。,「化学科」としての火山観測,大場武・草津白根火山観測所 ,35-5,35,理学院
ＧＴＰ結合タンパク質は体内のブレーカの働きをしている。その仕組みやＧＴＰの働きについて紹介している。,体内ブレーカ GTP結合タンパク質,上代・伊東 ,35-7,35,生命理工学院
藤本先生が行っている希薄なプラズマである無衝突プラズマの研究、助手の小林先生が行っている弾性波による惑星内部構造に関する研究の紹介。,プラズマの世界と、惑星の内部構造,藤本 正樹 ,34-1,34,理学院
赤塚で行われている様々な研究の中でも、少し前に理論が完成した「無害な原子力から自ら整合性を有する原子力」の紹介。,「無害な原子炉」？,赤塚 洋 ,34-2,34,環境・社会理工学院
液晶の分類と基本的な性質、および様々な液晶の解析方法のうち、SHG測定により液晶表面を解析する仕組みについての紹介。,液晶の世界を探る,竹添 秀男・石川謙 ,34-4,34,物質理工学院
画像処理の中でも文字をベクトルに変換することによるパターン認識、画質の落ちが少なくデータ量の少ない画像圧縮に関する研究の紹介。,画像処理と線形代数,山下 幸彦 ,34-5,34,情報理工学院
インターネットの普及は私たちの暮らしを便利にする。しかし同時にセキュリティの問題が無視できなくなってきた。この記事ではセキュリティを成り立たせる暗号について説明している。,暗号が暮らしを変える,黒澤 馨 ,33-2,33,情報理工学院
氷河は神秘的なものである。この記事では氷河に起きている現象を科学的に説明している。,人呼んで雪氷生物学！,幸島 司郎 ,33-3,33,生命理工学院
使いやすい機械を作るためには、音、振動、運動の関係を無視できない。それを、ＣＤプレイヤー等の身近な例で説明している。,人にやさしい機械を作ろう,長松・大熊 ,33-4,33,工学院
ガラス状物質、この物質は結晶ではなく液体であるという。本ではクラスターという観点からこの物質の構造について研究している。,偏った液体～液体の不均一性を求めて～,小國 正晴 ,32-1,32,理学院
廃植物材を再利用するときに障害となる物質リグニン。このでは茸の一種であるヒトヨタケのDNAを解析することでリグニンを分解する酵素を開発している。,遺伝子の研究から再利用へ,宍戸 和夫 ,32-2,32,生命理工学院
核磁気共鳴NMR。MRIに応用され、ガン細胞の発見に用いられるこの手法を用いてゲルにおける刺激応答のメカニズムを研究しているのが、ここ安藤である。,見えないものを見る技術,安藤 勲 ,32-3,32,物質理工学院
今日、コンピュータを用いて様々な現象のシュミレーションができる。本ではそれを１００倍速くする新しい計算法、スペクトル差分析法を研究している。,より速く、より正確に,持丸 義弘 ,32-4,32,情報理工学院
ドイツから送られてくるデータを元にした陽子や中性子などを構成するクォークおよびクォークの間で作用する素粒子グルーオンの研究,物質の根源に光を,柴田 利明 ,31-1,31,理学院
分子を作る段階で選択的に目的のものだけを作る方法、「不斉合成」に新しい局面をもたらす画期的な方法の研究,握手できない間柄～迷宮の対掌体世界,三上 幸一 ,31-2,31,物質理工学院
橋の計画、デザイン、設計から橋の補修、メンテナンス方法に至るまで、つまり、橋の誕生から老後に至るまで扱っており「橋の医学」と呼べる。,橋の“臨床医学者”の役割とは,三木 千壽 ,31-4,31,工学院
パイロットシンボルという信号についての新方式の利用法と生体の神経回路網などで、模擬したニュートラルネットワークに関する研究,信頼性の高い通信システムをめざして,坂庭・渋谷 ,31-5,31,情報理工学院
岡田で発見された、従来に比べて誤差のないレトロポゾンを用いたＤＮＡレベルの方法で、進化の系統を明らかにしようとしている。,ＤＮＡから進化が見える,岡田 典弘 ,30-1,30,生命理工学院
光、電子、原子などの性質、本質に迫ってその正体を明らかにし、それを用いて新しい素子を開発し、光コンピュータを作り出そうと言う研究。,材料に秘められし可能性を求めて,南 不二雄 ,30-2,30,理学院
ノイズを精密に測定するために必要な電波暗室のダイエットと、情報を電気でなく光の形で高速処理する光回路の研究という2つの研究。,夢の電波吸収体、幻の光回路,内藤・水本 ,30-4,30,工学院
環境ブームと相まって太陽電池への関心は現在非常に高まっている。本では理想の太陽電池を求めて２つの電池について見ていき、これからの太陽電池についての展望を眺める。,進化し続ける太陽電池,小長井・山田 ,29-1,29,工学院
梶では「科学史」を扱っている。梶先生は中でもロシア科学史、特に周期律を作ったメンデレーエフに焦点を当てている。,メンデレーエフでロシアを斬る～科学史の役割,梶 雅範 ,29-3,29,その他
新素材は日進月歩の勢いで開発されている。その中で、高分子の合金とも言える「ポリマーアロイ」について研究しているのがここ井上だ。,プラスチックの可能性を探求して,井上 隆 ,29-4,29,工学院
多数の糖がつながったものを糖鎖という。また、糖鎖は細胞の顔と言われる。この顔を研究しているのがここ山形だ。,細胞は生きるも死ぬも糖鎖次第,山形 達也 ,29-5,29,生命理工学院
走査型電子顕微鏡での最古の生命の化石の証明など地球の歴史を探ろうと言うことから発展して生命とは何かという事まで探ろうとしている。,全 地 球 史 解 読 計 画,丸山 茂徳 ,28-2,28,理学院
建物で生活する人々を騒音や雨・寒さ等から守るエントロープとしての機能を持つコンクリートに重点を置いて研究している。,快適で長持ちする建物を建てる,田中 享二 ,28-3,28,その他
宇宙論というテーマに取り組み、具体的には時空の歪み、ブラックホールと特異点、我々の宇宙の形は何かと言うこと等を研究している。,宇宙は大きな大きな実験装置,細谷・石原 ,28-4,28,理学院
情報、機械の研究なども通じ、ゴルフのインパクトの原理と道具と市民ランナーのためのランニングシューズはどうあるべきかという研究の紹介。,楽しみ追求の科学 ～スポーツ工学院～,宇治橋 貞幸 ,28-5,28,環境・社会理工学院
大橋での研究内容は実に多岐にわたるが、Ｘ線構造解析で結晶構造を見たり、ラミセ化という反応における結晶中の分子の動きを見たりと、“ものを見る”ということを中心に研究を行っている。,誰も見たことないものを見よう,大橋 裕二 ,27-1,27,理学院
機械知能システム学科では「人間にやさしいものを産み出す」ことを目標としている。本記事では、林・岩附の研究テーマの中心である「サイレントテクノロジー」と「超精密ロボット」について紹介している。,人にやさしい機械をめざして,林巌・岩附 ,27-2,27,工学院
柴山では並列分散的に動作するソフトウェアについて研究している。本記事では分散システムと並列オブジェクト指向を紹介している。,たくさんのコンピュータをどう使う？,柴山 悦哉 ,27-4,27,情報理工学院
よりよい都市を作り出すために必要な都市計画について、深尾先生が指導をされた自由が丘商店街活性化モデル事業を例にお話を伺った。,街というシンフォニーを求めて,深海 隆恒 ,26-1,26,環境・社会理工学院
深尾では半導体技術を利用して、電力の損失をなるべく少なく効率よく利用する電力制御の研究をしている。その代表であるベアリングレスモータについて紹介する。,電力をもとに限りない高性能を,深尾 正 ,26-2,26,工学院
青野では、極限環境に耐える微生物から人類に役立てられる特殊な才能を持つ微生物を見つけだし、工学院的な応用に結びつけていくことを研究目標としている。特に有機溶媒耐性微生物の発見・応用を目標とし、それを利用した「溶媒重層発酵法」という系を提案している。,才能ある特殊環境微生物を役立てよう,青野 力三 ,26-3,26,生命理工学院
近年、日本の各要素技術を統合するようなシステムの開発が必須となってきた。石田・鈴木ではそのシステム開発について研究している。また、知識と知恵の関係についても伺った。,技術を効果的に生かすために,石田・鈴木 ,26-5,26,環境・社会理工学院
弘津ではネットワークに注目して生体の構成原理、つまり生物が生物たるゆえんを探っている。特に細胞間ネットワークに関連して、生体内にも多く存在するゲルについて、その物性を調べる研究を行っている。,生物が生物たるゆえんを探して,弘津 俊輔 ,25-1,25,生命理工学院
小野では触媒に関する様々な研究を行っており、本記事ではゼオライトという物質の触媒作用に関する研究を取り上げた。,触媒の可能性を探る,小野 嘉夫 ,25-2,25,物質理工学院
視覚の他の機能や色覚についても広く研究を行っている内川。眼は止まっては動くということを繰り返しているのだが、今回は眼がすばやく動いているときの像をシャットアウトするような作用であるサッケード抑制の話を伺った。,あなたは真実を見ているか,内川 惠二 ,25-4,25,その他
ひとくちに数学といってもその中には様々な分野があるが、盛田先生が研究なさっているのはエルゴード理論という分野である。この分野は“数学の中の交差点”と言われたほど、他の様々な分野に関係しているのだという。いったいどのような分野なのだろうか。,数学の中の交差点から眺めて,盛田 健彦 ,25-5,25,理学院
井関ではエンジンや原子炉などの苛酷な環境にも耐えることのできる「強い」セラミックスについて、研究を進めている。,耐苛酷環境セラミックスの開発,井関 孝善・宮崎広行 ,24-1,24,物質理工学院
海岸・海洋工学院に関する研究をされている灘岡先生。今回は、宮崎シーガイアの人工海浜開発計画に関するお話と、リモートセンシングという技術について、うかがった。,海から視野を広げよう―海岸・海洋工学院―,灘岡 和夫 ,24-2,24,環境・社会理工学院
歴史学、とくに日本中世史を専門としている山室先生。その研究の仕方について、毛利家の「三本の矢」の伝説を例に紹介する。,やっぱり歴史はおもしろい,山室 恭子 ,24-3,24,社会理工
応用物理学院科・奥田では超流動という現象を利用して「超流動ヘリウム超音波顕微鏡」という画期的な顕微鏡を作ろうとしている。,超流動を利用して顕微鏡をつくる,奥田 雄一 ,24-4,24,物質理工学院
ただ明るくするだけではなく、光をうまくコントロールして、空間の用途にふさわしい明るさにしたり、陰を強調したりして快適な光空間を作るという観点で研究を進める乾・中村。その数々の興味深い研究のうち、いくつかを紹介しよう。,光のコントロールで快適な空間を,乾正・中村 ,24-5,24,環境・社会理工学院
亀井では発掘せずに地面の中が分かるような遺跡の探査方法の研究が進められている。その探査方法が実際に用いられた例として、静岡県の石ノ形古墳の話を伺った。,考古学をScienceにしよう,亀井 宏行 ,24-6,24,環境・社会理工学院
産業革命以降、大気中の二酸化炭素の濃度が高くなり続けていることはみなさんも知っているだろう。今この瞬間にも莫大な量のCO2が放出されている。CO2による気温の上昇は将来私たちの生活環境を大きく変えてしまうかもしれない。私たちの地球環境を守るためにも、CO2を取り除く技術が必要となるのである。今回、大気中に排出されるCO2を工場排気から取り除く方法、そしてCO2の資源化についての研究を進めておられる、小出・太田口を訪ねてみた。,地球を温暖化から救おう～CO2の回収と利用～,小出・太田口 ,23-1,23,物質理工学院
自然界において、主に植物によって行われている光合成。そのメカニズムは非常に複雑なものですが、ごく簡単に「太陽光のエネルギーにによって、水と二酸化炭素から炭水化物などの有機物を合成すること」と言うことができるでしょう。植物は太陽光のエネルギーを化学結合のエネルギーとして蓄えているのです。これは、植物による太陽エネルギー変換とも言えます。人類が太陽エネルギーを変換して利用するための一つの方法として、人工的な光合成のシステムを確立することが挙げられます。今回伺った坂田では、この「人工光合成」を目指した研究をされています。,植物の光合成に学ぶエネルギー利用,坂田 忠良 ,23-2,23,環境・社会理工学院
読者の皆さんの中には大学に入り一人暮らしを始め、冷蔵庫などの家電製品を買い揃えた人も多いだろう。だが、各メーカーから様々な種類が販売されているため、選ぶときに迷ってしまった人もいると思う。そのようなときどのような観点で選んだだろうか。値段が安い、使いやすい、色やデザインがよいという観点が考えられる。そこで企業にとっては、私たちの要求を満たす製品を作ることが非常に重要となってくる。今回は、このような研究を始め生産管理・品質管理を研究している圓川を訪ね、の学生とともにお話をうかがった。,世界を動かす管理技術―生産・品質管理,圓川 隆夫 ,23-3,23,社会理工
現代社会にとって、新幹線や航空機などの輸送機器はなくてはならないものになっている。私たち学生も規制や旅行などで利用することが多い。これらの輸送機器は今まで高速化の一途をたどってきた。多くの物資や人間を、より早くは個別用になり、私たちの生活は飛躍的に便利になった。そして将来的には、スペースプレーンやリニアモーターカーに代表されるように、沙汰に高速化していくことが考えられる。しかし、これらを実現するためには、様々な技術的問題がある。その中の1つが安全性の問題である。轟では、この安全性の問題に取り組んでいる。,高速化の代償―大事故を阻止せよ,轟 章 ,23-4,23,工学院
わたしたちは建築学と一言にいうが、実は建築学のカバーする分野は大変広い。このタイトルにしても、これを見て「なぜ建築学科とあそびが結びつくのか」と思った人もいるだろう。東工大の建築学科には建物の構造だけでなくそれをとりまく様々な空間を研究しているがある。その中の一つであるここ仙田では建築史のほか、人間の行動と空間の関係といったテーマが研究されている。廊下や広場のように、人が歩きまわる空間の形や、子供の教育と空間の関連性など、そのテーマは実に多様である。今回はその中でもユニークな「子供のあそび環境の研究」を取りあげてみた。,『あそび』が子供を教育する,仙田 満 ,23-5,23,環境・社会理工学院
現在、肝炎や肝臓がんなどによって数多くの命が失われている。肝臓移植は医学的にも最も優れた治療方法であるが、免疫による拒絶反応などがあって全てが成功するわけではない。このような現状の打開案として、人工肝臓の開発が期待されている。だが、人工肝臓が実用化されるためには、生体との適合性と機能に十分に配慮しなくてはいけない。つまり、人体にはもちろん、人工肝臓側にも免疫反応による不都合な反応を引き起こさずに目的とする機能を果たすことが要求される。今回、お話をうかがった赤池先生は生体適合性にも優れた「ハイブリット型人工肝臓」の研究をなさっている。,生体に学び、生体を越える,赤池 敏宏 ,23-6,23,生命理工学院
人間は何か物事をやるごとに学習していく。コンピュータは、同じ事を繰り返すだけで、学習をしない。これが従来のコンピュータであった。そこで現在では、そのようなものから脱した自ら学ぶコンピュータが開発されている。学習するコンピュータというと、身近なものでは、ワープロの変換などが思いつく。これは一度行った変換を覚えていくというプログラムである。では、そのようなプログラムによって学習するのではなく、人間の脳細胞をまねた「自ら学習する素子」を作れないものだろうか。今回は、強誘電体という材料を使ってそのような素子の研究をされている石原・徳光に伺った。,学習型ニューロデバイスの実現,石原・徳光 ,22-2,22,工学院
我々は皆、それぞれ違ったDNA（デオキシリボ核酸）を持っている。それはその生物の形態、意図などを決め、さらに寿命さえ決定する可能性を持っている。生物の設計図とも言えるDNA研究は、今後の科学の発展に大きな影響を与えるだろう。では今、DNA研究はどこまで進んでいるのだろうか。今回はDNAの安定性に重要な意味を持つテロメア（染色体末端構造物）を研究している石川研を訪ねてみた。,DNAの端の機能を解明する,石川 冬木 ,22-5,22,生命理工学院
有機とはもともと生命力のある、生物だけがつくるという意味を持っていた。ところが石油が発見され、石油化学によってさまざまな新しい種類の有機材料が安価に製造できるので、天然有機材料の重要性は過去のこととなりつつあった。しかし、石油化学工業分野の急速な発展とともに石油資源の有限性や環境汚染やゴミ処分法などが問われるようになり、天然有機材料、特にセルロースが見直されつつある。セルロースは、光合成によりクリーンに大量に作られ、使い捨ててもいつか土に返るのだ。今回は天然有機材料を化学の立場で研究されている坂本を訪ねてみた。,木から繊維を作る―天然高分子繊維,坂本 宗仙 ,21-1,21,物質理工学院
古来、人々は生活をより豊かに快適にするためにいろいろな工夫を凝らしてきた。その歴史の中でも産業革命は大きな変曲点だったといえよう。以前は手作業で造られてきたものも、その仕組みがどうであれ、機械を用いて大量生産が行われたのである。もちろん、そのような機械は紛れもなく人間が設計したものであった。ところが近年のコンピュータ技術の発展でそのような機械の設計もコンピュータという機械が行うようになってきた。今回はこのようにコンピュータを用いた自動設計を研究されている横山を長津田キャンパスに伺った。,機械の自動設計,横山 正明 ,21-2,21,その他
現在、我々の社会はコンピュータをはじめとする多くの情報機器によって支えられており、これらの情報機器における記録の高速・高品質化がますます求められている。このためには、高速・高精度な運動を可能とする小型の位置決め機構が必要である。ところが、これはたいへん小さなものなので、今までは気にする必要のなかったようなわずかな振動、摩擦、熱などが問題となる。したがって、これらを考慮した機構部品の開発や制御が求められているのである。今回伺った小野では、こうした機構部品の小型化・高速化に関する運動・振動の解析と制御について研究されている。,情報機器のキーテクノロジー,小野 京右 ,21-3,21,その他
日本が地震国であるということは誰もがよく知っているかと思う。明治以降、日本は平均して年に3回の被害地震にみまわれているという。1993年にも釧路沖地震や北海道南西沖地震といった、多数の死傷者を出した大規模な地震があったことは記憶に新しいだろう。こういった大地震による被害を最小限に食い止めるにはどうしたらよいだろうか。これには「地震の発生の予測による地震からの回避」そして「地震での被害の予測による被害からの回避」の2つの方法が考えられる。今回取材した翠川では、後者によって、地震による被害をいかに少なくするかが研究されている。この研究について翠川先生に伺った。,地震災害を予測する,翠川 三郎 ,21-6,21,環境・社会理工学院
物理には大きくわけて物性系と素粒子系の２つの分野があります。大まかにいうと、物性系はアボガドロ数個の多数の粒子からなる系を、素粒子系は物質を構成する粒子（素粒子）を研究します。そして、それぞれが実験系と理論系にわかれています。東工大の物理学院科には物性実験のがたくさんあります。物性実験系の研究とはどのようなものでしょうか。今回は、極低温での物性を研究している西田を紹介します。,エントロピー０で物体はどうなるか,西田 信彦 ,20-1,20,理学院
みなさんは、「熱」と聞いて何を思いつくだろうか。沸騰した湯などのごく日常的な物事が頭に浮ぶだろう。事実、熱に関する問題は、私たちの生活に密着しているものが多い。なぜなら、この世界のあらゆる現象には熱の収支が必ずといってよいほど伴うからだ。例えば、一見熱とは無関係に見えるコンピュータの世界ですら、熱はとても重要な問題である。スーパーコンピュータのチップの単位面積当たりの発熱量は、原発のそれに匹敵する。従って、発生する熱を効率よく放熱することは不可避な問題である。このように熱工学院にはとても身近な問題が多いが、個々の問題に注目すると、まだ解明されていないものが多くある（1993年10月当時）。今回は、「熱」の種々の課題を研究なさっている黒崎晏夫教授にお話をうかがった。,熱工学院を実用に結びつける,黒崎・佐藤 ,20-4,20,工学院
光化学は原子や分子と光との相互作用を研究する学問である。原子や分子の構造の解明には、19世紀から20世紀にかけて確立した量子力学とともに光化学も大きな役割を果たしてきた。では、光と原子や分子が相互作用をするとどのようなことが起こるのだろうか。今回、光化学研究をしている一村を訪ね、お話をうかがうことにした。,分子と光との相互作用,市村 禎二郎 ,20-5,20,理学院
------------,究極のコンピュータ HALer,南谷 祟 ,19-1,19,工学院
皆さんは今までカオスという言葉を耳にしたことがあるだろうか。このカオスは混沌という意味で昔から使われてきた。しかし近年、コンピュータの発達によって発展をとげた数学の新しい分野としても知られるようになった（1993年４月当時）。今回訪れた宍倉では、このカオスを研究している。,混沌のなかに潜む世界,宍倉 光広 ,19-2,19,理学院
有機化合物は現在、数百万種が知られている（1993年４月当時）。これだけ多くの有機化合物が存在するにもかかわらず、その大半は、炭素・水素・酸素・窒素・ハロゲン・硫黄といった限られた元素で構成されている。一方、周期表を見渡せば元素の３分の２を占めるのが金属元素であることがわかる。その金属元素と有機化合物との組み合わせを考えれば、膨大な数の化合物が存在すると誰もが予想できる。今回は、「有機金属化合物」を研究されている山本を訪ねた。,有機金属化学で不斉合成を,山本 經二 ,19-3,19,物質理工学院
------------,次世代を担うバイオコンピュータ,相澤 益男 ,19-5,19,生命理工学院
すずかけ台駅から校舎の間を縫って歩き、トンネルを抜けるとそこに大きな研究施設がある。そのわきにはガスタンクらしき球形の物体が……「このガスタンクが爆発したら、長津田の山はどのくらい吹き飛ぶだろうか？」と想像をめぐらせながら吉川を訪れた。「先生、あのガスタンクはなんですか。もし爆発したらこの辺全部吹き飛んでしまいますか」「いや、あれはＭＨＤ発電で使う真空タンクだよ」「………」この真空タンク一つをとってもわかるように、ＭＨＤ発電施設は広大な長津田キャンパスの中でも一、二を争うほどの大規模な施設である。今回LANDFALLではこの施設を発電実験直前という非常に好運な状態で見学させていただいた。,さらなる効率を求めて,塩田・椛島・吉川邦夫 ,18-2,18,環境・社会理工学院
------------,めざせ!!新発見,岸本 健雄・久永真市 ,18-3,18,生命理工学院
多孔質シリコン（Porous Silicon）は、単結晶Siから作られ、Siに半径数nm程度の細長く伸びた細孔を多く含んだ物質である。非常に興味深いのは、多孔質シリコンの特徴である発光特性と結晶格子の格子面間隔の膨張は、作られるときのSiの電気抵抗率や環境条件によって異なっているということである。今回、多孔質シリコンについて研究されている入戸野教授をたずねた。,不思議な材料―多孔質シリコン,入戸野・中村 ,18-5,18,物質理工学院
------------,より公平で効率的な社会をめざして,中野 文平 ,17-2,17,情報理工学院
------------,地表の微振動を利用した震災予測,時松 孝次 ,17-3,17,工学院
さまざまな観点から、研究が行われているトライボロジーですが今までLANDFALLで訪問したは全て生産機械工学院科のにとどまっていました。今回、我々LANDFALL取材員は、化学工学院科という別の観点からみたトライボロジーを紹介するべく、化学工学院科化学工学院コースの岡部・益子を訪問させていただきました。,摩擦を自由自在に操る,岡部・益子 ,17-4,17,物質理工学院
------------,不動点定理へ帰着させて,高橋 渉 ,17-5,17,情報理工学院
------------,ものの性質を比熱ではかる,阿竹 徹 ,17-6,17,その他
------------,高密度プラズマ――細さが髪の毛の1/10,石井 彰三 ,17-8,17,工学院
最近、ファジィ洗濯機、ファジィ掃除機などのようにファジィを利用した家電製品がよく得られている（1991年10月当時）。ファジィと聞いて皆さんはどういったイメージを思い浮かべるだろう。ファジィの日本語訳には一般に”あいまい”が知られているが、実際にその”あいまい”がどのように働いて家電製品が動くのか、はっきりと分からない人が少なくないのではないだろうか。今回は、システム科学専攻の菅野教授のを訪ねて、ファジィ理論、ファジィコンピュータ、ファジィ制御についてお話しを伺った。,ファジィ――科学の新しい転回,菅野 道夫 ,16-1,16,情報理工学院
------------,運動のメカニズムをさぐる,中原 凱文 ,16-3,16,環境・社会理工学院
------------,人間と機械のコミュニケーション,河原 田弘 ,16-5,16,情報理工学院
------------,ダイヤモンドの可能性を追い求めて,吉川・戸倉 ,16-6,16,工学院
------------,ソフトウェア開発のより良い環境を目指して,佐伯 元司 ,16-7,16,情報理工学院
------------,柔軟なプロセスをめざして,村木 正昭 ,15-1,15,その他
------------,より高性能の超音波モーターを,上羽 貞行 ,15-2,15,工学院
------------,ソフトウェア工学院の新しい潮流,徳田 雄洋 ,15-3,15,情報理工学院
------------,微生物を使って21世紀に取り組む,正田 誠 ,15-4,15,環境・社会理工学院
------------,常識に対する自覚的な批判,桑子 敏雄 ,15-5,15,社会理工
------------,新しい材料開発に向けて,岡田 清 ,15-6,15,物質理工学院
------------,自然の神秘・素粒子の姿を極める,渡辺・谷森 ,15-7,15,理学院
------------,材料を組織学的に研究する,神尾 彰彦 ,14-1,14,物質理工学院
------------,宇宙のエネルギーの安全・安定的な活用を目指して,藤家・小澤 ,14-2,14,工学院
------------,分子レベルにおける微生物のエネルギー獲得系,山中・福森 ,14-4,14,生命理工学院
------------,原子核世界の魅力を追い求めて,小川 雅生 ,14-6,14,工学院
------------,教育の工学院的アプローチを考える,坂元 昻 ,14-7,14,その他
我々の住む地球、太陽系、そして銀河系は、一体どんなプロセスを経て、どのようにしてできたのか。この疑問は、誰しも一度は持ったことがあるのではないだろうか。惑星物理学院や太陽系形成論などと呼ばれる分野に属するこの問題は、1970年代に入って大きく発展した。アメリカのCameron、ソビエトのSafronov、そして京都大学の林教授が、それぞれ太陽系形成のモデルを発表したのである。現在では、京都大学グループが提唱した通称「Kyoto-model」が主流となっている。そこで今回我々は、この「Kyoto-model」の構築に深く関与され、本学においても太陽系形成論に正面から取り組んでおられる、応用物理学院科（現地球惑星科学科）の中澤清教授にお話を伺うことにした。,太陽系の起源を求めて,中澤 清 ,13-1,13,理学院
肥田野先生の専門は地域計画である。この地域計画とは、単に住宅や道路といった施設を整備することにより、地域を開発していくことだけではない。法律、制度、経済、さらには人間の意識をも対象にし、公共的かつ長期的な視点で計画していくものである。肥田野先生は、国土・地域、交通、環境の３つの文化での研究、計画策定をなさっている。計画の順序は次のようなものである。まず現状の問題点を認識し、それに基づいて目標を立て、次に代替案の内容や作り方を考える。さらに作った代替案の評価方法を考え、最後にその案をどういう手段で実行していくかを研究することになる。先生はこれらをテーマにして研究なさっている。,人の暮らしやすい環境づくりをめざして,肥田野 登 ,13-2,13,環境・社会理工学院
------------,言語を使って――言語派社会学,橋爪 大三郎 ,13-5,13,環境・社会理工学院
生体分子工学院とはヒトが生きる上で必要とする生体内で作られる分子およびその作用を代替できる分子を人工的に創りだす工学院であり、生体分子工学院科はこの工学院を学び研究するための学科である。今回私達は同学科で生物活性分子設計講座を担当しておられる佐藤教授、小林助教授のを訪れた。佐藤・小林良先生は２年前までは（1991年１月当時）化学工学院科・応化コースで有機合成の研究をされていたが、本講座の設置にともない生体分子工学院科に移られた。両先生はそれまでの経験を活かし、有機合成化学を研究の柱として新しい視点から生命をとらえていく、という方針で研究を進められている。,薬への新しいアプローチ,佐藤・小林 ,13-6,13,生命理工学院
今回、我々は制御工学院科の古田を訪れた。「制御工学院」とは、「ある環境の中におけるシステムに対して目的に合うように所定の操作を加えるにはどうしたらうまくいくかを研究する分野」である。現在、この分野において古田は「制御系解析及び設計のシステム化」をメインテーマに研究をすすめている。,制御系解析・設計のシステム化を目指して,古田 勝久 ,13-7,13,工学院
------------,薄膜作製プロセスの開発,鯉沼 秀臣 ,13-8,13,物質理工学院
高分子とは、構造単位となるモノマーが多数一次元的に連なった鎖状の分子である。これらの高分子物質は単に「多数のモノマーが連なったもの」という量の違いだけに留まらず低分子物質にはみられない質的に特異な性質をも示す。すなわち一つの分子そのものが、化学構造と形態の両方において多様性を持つのである。今回我々は、高分子工学院科高分子構造講座で、特に液体系における高分子の形態や挙動を明らかにすることに取り組んでおられる野瀬を訪問し、お話を伺った。,高分子特有の性質・挙動を追う,野瀬 卓平 ,12-1,12,物質理工学院
日本国内ではコンクリート構造物の多くは戦後、特に東京オリンピックがあった高度成長期に建設されている。そして今日もそれらは私達の生活の基盤を支えてくれている。また世間では、コンクリート構造物は大変丈夫なもので、耐用年数が来るまでは絶対に壊れないと思われていた。だが、最近そのコンクリートの劣化がテレビ・雑誌等で取り上げられ、問題となっている。そこで、最近このように注目されているコンクリート建造物の劣化・耐久性と新素材の研究をされている土木工学院科の大即（おおつき）を訪問し、劣化と耐久性の問題を中心にお話をうかがった。では、大即助教授をはじめ、鎌田助手と井上助手にもお話をうかがうことが出来た。,コンクリートの耐久性の向上を目指して,大即 信明 ,12-2,12,環境・社会理工学院
------------,バイオプラスチック――分解性プラスチック,土肥 義治 ,12-4,12,その他
産業活動の基盤は生産である。この生産システムの善し悪しは、直接産業活動に影響を与えるばかりではなく国際競争力の面でも重要な要素となる。日本は工業技術力で他国を凌駕していると言われているが、こうした生産分野で行われている最先端の研究が我々の目に触れる機会は非常に少ない。東工大ではこの分野の研究を生産機械工学院科の伊東と新野が共同で行なっておられる。取材では主に新野助教授にお話を伺ったが両では「機械」という名前から連想される研究のほかにも、幅広い研究を行なっておられる。第三者がで実際に行われている研究の間に関係性を発見することは難しいかもしれない。しかし多様な研究の行われている背景には大きな方向性が存在し、それは「21世紀へ向けた生産システムの構築」という言葉に集約できる。,21世紀の生産環境を試行する,伊東・新野 ,12-6,12,工学院
ほかの工学院などのなどと比べて数学科はだいぶ違う形式をとっている。一つのに集まって一緒に研究するという形ではなく、同じに所属する学生でも一人一人別のことを研究している。そのためもあって、数学科のがどのようなことをやっているのかというのははっきりとはつかみにくい。その中で我々は特異点論を研究されている岡教授のに取材に伺った。,予測できない点を予測する,岡 睦雄 ,12-8,12,理学院
人間の生活は、科学の進歩によって、より豊かなものへと変化を遂げて来た。例えば、エジソンの白熱電球の発明は、ロウソクやランプに代わる明るくて火災の心配の少ない安全な光をもたらした。しかし、もしもそのとき、高熱に耐えるフィラメントという材料が無かったら、この一大発明品は存在しなかったかもしれないのである。21世紀には、超伝導や核融合などより高度な技術が実用化されると予想される。そうなると、材料も今まで以上に高性能なものや、新たな機能を併せ持つものが要求される。今回我々は、そのような新素材に関する研究が行われている高久・橋本を訪れ、炭素繊維や複合材料、および新たな素材製造プロセスなどについて、高久教授にお話しをうかがった。,21世紀の材料を想像する,高久・橋本 ,12-9,12,物質理工学院
私達人間の体は何十兆という非常に多くの細胞から構成されている。これらの細胞は、それぞれ目的に応じた仕事を分担している。しかし、他の細胞にかかわりなく自分の仕事を進めていると、人間全体としての機能は狂ってしまう。この全体としてのまとまりをたもつためには、生体中で互いに情報を交換するシステムが必要とされる。この情報交換のシステムは、細胞の絶対数が多いため、必然的に大変複雑なものとなる。また情報交換の手段も一通りではなく、状況に応じていくつかの種類がある。今回の訪問では、これらの情報交換手段のうち、ホルモンによる遠距離での情報交換について、分子レベルでの研究をなされている、生体機構学科の広瀬教授にお話を伺った。,生体内の情報交換をさぐって,広瀬 茂久 ,11-1,11,生命理工学院
セラミックスは様々な用途に使われる。耐火物、耐食性材料、構造用材料、電子材料、磁性材料など、挙げていけばきりがない。それらのセラミックスの機能は大きく２つに分けることができる。それは、結晶格子に関係する機能と電子や光子に関係する機能である。今回取材した木村・松尾は無機材料工学院科で機能性セラミックス講座を担当している。そして、ここでは結晶格子に関係する機能、すなわち熱的機能と機械的機能を中心とした研究が行われている。,セラミックスの機械的機能を調べる,木村 脩七・松尾陽太郎 ,11-2,11,物質理工学院
武者教授といえば「1/f ゆらぎ」に関する研究の世界的権威であるということは、その気さくなお人柄ともども知っている人も多いと思う。その武者教授が人間の脳に関する大変面白い研究をされていることを最近知った。そして今回教授のを訪れる機会を得、いま研究を進めておられる「脳内信号の追跡」のお話や1/f ゆらぎ発生のメカニズムのこと、さらに教授の研究に対するお考えなど、さまざまなことをお伺いすることができた。,脳内の情報処理のしくみを追い求めて,武者 利光 ,11-3,11,情報理工学院
我々が電波の存在を知りそれを利用するようになってから、まだ百年程しか経っていない。しかしこの百年の間に電波は様々な方面で高度な使い方をされるようになってきた。その電波を送り出したり受け取ったりするのがアンテナの役割である。今回は、このアンテナを平面化する研究をしておられる後藤・安藤を訪れ、後藤尚久教授にお話をうかがった。,新しいアンテナの形を探る,後藤・安藤 ,11-4,11,工学院
蒸留操作は最も古く、かつ最も重要な物質の分離法の一種であり、紀元前前から蒸留酒の製法として利用されてきた。現在でも、石油の分留などで化学工業に多大な貢献をしている。ところが蒸留操作は物質を気化させて、さらにそれを凝縮させるため、分離がどのように行われるかを知るためには、熱の移動と物質の移動の両方を調べなければならない。化学工学院科の浅野・小菅研では、蒸留の分離性能の理論計算をはじめとして、蒸散などによる物質移動についての研究を行なっている。今回は浅野教授に研究についてのお話をうかがった。,蒸発・蒸留の理論計算を行なう,浅野・小菅 ,11-5,11,物質理工学院
------------,材料と構法で安全・快適な床を,小野 英哲・三上貴正 ,11-7,11,環境・社会理工学院
――生物が持っているさまざまな機能を使って物を生産する――、東工大の生物工学院科では主にこのような事を研究しているが、その中でエンジニアリングを対象としているのが生物化学工学院である。先生は生物化学工学院において物を生産するプロセスを研究し、更にそこから生じる環境問題、即ち生産する際に生じる廃棄物の処理に関する問題にも目を向けておられる。今回はこの研究についてお話を深く伺ってみた。,微生物を用いた環境問題の解消,海野 肇 ,10-1,10,生命理工学院
------------,計算機システムに取り組む,木村 泉 ,10-2,10,情報理工学院
------------,人間の性質を超次元空間に描く,穐山 貞登 ,10-4,10,環境・社会理工学院
いわゆる「超合金」とは、超耐熱合金のことである。これにはいろいろな用途があるが、主要なものの一例として、ジェットエンジンのタービンの羽根がある。燃焼温度が高いほどエンジンは効率が上がるが、材料の耐熱性のために現在は1600℃どまりである。また、耐熱性に優れているセラミックスはもろいので安全面から現状では使えない。そこで、超高熱で使える合金が絶対に必要なのである。この超耐熱合金の特性を研究されているのが、金属工学院科の菊池教授である。,超耐熱合金の特性を調べる,菊池 實 ,10-7,10,物質理工学院
------------,問題をどう解決するのか―意思決定とシステム理論―,木嶋 恭一 ,9-1,9,環境・社会理工学院
------------,物質の分離を可能にする高分子膜,小宮山 二郎 ,9-2,9,物質理工学院
------------,粒子のふるまいを理論的に探る,三宅 哲 ,9-4,9,理学院
------------,硬いばかりが能じゃない――合成ダイヤモンド,福長 脩 ,9-5,9,物質理工学院
「情報通信システム講座」というのが辻井の講座名である。しかし、一口に「情報通信」といっても非常に範囲が広く、１つのでそのすべてをカバーするということはできない。辻井ではこれまで、その広い範囲の中から、光伝送、情報理論、デジタル通信などを手がけてこられたが、現在今日図が最も力をやってもおられるのが、「適応信号処理」とこれから紹介する「情報セキュリティと現代暗号」というテーマである。,情報セキュリティと現代暗号,辻井 重男 ,9-6,9,工学院
------------,画像認識の新たなる手法への提案,佐藤 誠 ,9-8,9,情報理工学院
------------,人間型ロボットへの挑戦,舟橋 宏明 ,8-1,8,工学院
------------,光化学反応とレーザー,小尾 欣一 ,8-5,8,理学院
高度情報化社会と呼ばれる現在、システムをより大規模化し、かつ高い信頼性を保つために、集積回路は不可欠な要素となっている。そして現在指数関数的に情報量が増える中で、集積回路もそれに合わせて一層集積度を高め、また高速化させなければならない。今回取材した古川では、集積回路を高速化するために何が必要かを考え、それを実現するための基礎研究を行なっている。,集積回路を高速化させるために,古川 静二郎 ,8-7,8,工学院
------------,今後の材料工学院を担う――液晶,福田 敦夫・竹添秀男 ,8-8,8,物質理工学院
人間は生物のもつあらゆる機能を再現してきた。鳥の翼を飛行機が、動物の毛皮を衣服が、といった具合である。しかし、最近までは細胞レベルの機能といったことまでに、人間の手が届くことはなかった。そして、そうした機能は、「神技」として人間を驚嘆させるだけだったが、いままたその一端で事情が変ってきている。ＬＢ膜という分子レベルの薄膜が、生体における機能を人の手が再現することを可能にしつつあるのだ。そこで今回、ＬＢ膜を主な研究対象にすえている藤平を訪ねてみた。,分子レベルの超薄膜が新たな応用化学を招く―LB膜が再現する生体膜の機能―,藤平 正道 ,7-1,7,生命理工学院
ソウルオリンピックを期にアジアの情勢に目を向ける人が増えてきている。しかし、15年以上も前からこの動きに注目していきた人がいる（1989年１月当時）。渡辺先生がその人である。1939年慶応大学経済学部卒業。同大学大学院博士課程を終了し、筑波大学教授などを経て、今年度東工大に赴任された。経済学博士。,アジアを見つめ直す―開発経済学―,渡辺 利夫 ,7-2,7,環境・社会理工学院
金属といった言葉からは鉄鋼業といった重厚長大なものが連想されるが、実際には様々なことが研究されている。長津田の大学その他材料科学専攻で破壊力学講座を受け持っておられる佐藤先生の研究内容は物理の物性と変わらないように思われる。佐藤先生のは他のの共同研究が多いせいか開放的であり活気にあふれていた。そういった雰囲気の中取材は行われた。,理学院的視点に立った金属工学院―格子欠陥の導入による原子の結合変化―,佐藤 彰一 ,7-4,7,物質理工学院
建設系の人間が最も大切にするものは、安全性と経済性である。特に公共物を扱う土木分野では、一般市民の理解が必要となる。私たちは、様々な土木建造物に護られて生きているが、その役割について考えたことがあるだろうか。逆に”土建屋”と呼ばれるイメージのために、自分を遠ざけてはいないだろうか。土木を見る目を、少し変えてみよう。そして土木が今、必要としているものを探ってみよう。東工大土木科の中瀬明男教授を訪問した。,つちを判断して人々の生命をまもる―巨大な建造物を支える土質力学―,中瀬 明男 ,7-6,7,環境・社会理工学院
応用物理学院科の北原和夫助教授の専門は、非平衡統計力学及び熱力学である。だが、先生の持っておられる研究テーマは多彩で、素人の我々には、各テーマの間にはほとんど関連がないように見える。先生は、「そう見えるかもしれませんね。だけど僕の中では、非平衡というところで、なんとなくまとまってはいるんですよ。」とおっしゃっておられた。そういわれる先生の研究テーマを、先生の興味深い話とともに、紹介していくことにする。,曖昧なところに数学的明確さを与える――非平衡統計力学――,北原 和夫 ,6-1,6,理学院
東工大でも、社会工学院がどのような学問であるかを知人は多くはないだろう。名前からも推測されるように社会科学の特色が強く、一部の人文・社会系の先生方も大学院の専攻で指導されている。このように東工大の学科の中でも、非常にユニークな存在となっている。社会工学院科の創立当初から教官として所属していらっしゃる熊田先生を今回訪問して、さまざまなお話をお伺いした。熊田先生は多忙なスケジュールの合間を縫って、我々の取材に快く応じてくださった。,人間らしさに基づく都市環境をめざして――計画理論を活用した都市づくり――,熊田 禎宣 ,6-2,6,その他
コンピューターは元来、非常に複雑な計算を代替させる機会であり、その意味で計算機だった。しかし人間は、コンピューターに判断までも代替させようとしている。これが人工知能である。この研究をなさっている情報工学院科の志村正道教授を訪ねた。先生のは南３号館の10階という高い場所にある。それと同じぐらい人工知能の研究内容も高いのでは？と不安を抱く我々を暖かく迎え、わかりやすく説明してくださった。,知能をもった道具をつくる――人工知能への挑戦――,志村 正道 ,6-4,6,情報理工学院
『子供の頃には、特設ヒーローの活躍するテレビ番組を、毎週楽しみにしていた。巨大な怪獣が東京湾に上陸。コンビナートのタンクを踏みつぶして、辺りは一面火の海に…』現実には、怪獣が攻めてくることはないだろうが、タンクの中には非常に危険なものがたくわえられている。今回は、研究テーマの１つとして振動工学院の立場からタンクの安全性をとりあげていらっしゃる坂田を訪問した。,より信頼性の高い生活のために――非線形概念の導入による新しい振動工学院――,坂田 勝 ,6-5,6,工学院
「大学生になるまでに、自分が本当にやりたいと思うことに出会えた人は幸福である。」ということを聞かされた人はいないだろうか。自分の将来を見だすことがいかに難しいかを示している言葉だ。では、今回訪問したの数学者小澤真を生み出す端緒とはどのようなものだったのだろう。,自然現象から新しい数学を築く,小沢 真 ,5-2,5,理学院
新約聖書――キリストの生涯と言行、死後を記したもの――を研究している人がここにいる。八木誠一先生。1932年横浜に生まれる。1950年東京大学教養学部に入学し、1957年から59年までゲッチンゲン大学に留学する。ゲッチンゲン大学では新約聖書学者であるケーゼマンに師事し、大きな影響を受ける。文学博士。,私とキリスト教――新約聖書批判――,八木 誠一 ,5-4,5,環境・社会理工学院
今回我々は、東京大学の航空学科を卒業され、現在化学工学院科で熱化学工学院とプラズマ工学院について研究なさっている先生がいるという情報を得た。そこで、暗い本館の中を抜けると、忽然と姿を現わす南一号館の一室にある、神沢の扉を叩いたのである。中に入るとまず目に入るのは、あのコピーのできる白い黒板で、そこには、偏微分らしき記号が書かれてあった。それはともかく、そろそろ取材を開始することにする。,冷蔵庫からプラズマロケットまで――化学工学院の拡がり――,神沢 淳 ,5-5,5,物質理工学院
------------,大涌谷温泉から生命の起源へ――好熱菌の性質を探る――,大島 泰郎 ,4-1,4,生命理工学院
オペレーションズ・リサーチの適用される問題は幅広い。その手法にはトラックの輸送問題などの費用最小問題といった線形計画法の問題、そして切符売り場などでの行列の問題といった待ち行列の問題がある。このような手法を用いて経営戦略にかぎらず、日常生活でいかに意思決定を行うかということを考えるのが、オペレーションズ・リサーチと言えよう。森では森助教授、水野助手を中心に活発な研究が行われている。,どうすればよいかを科学的に考える―オペレーションズ・リサーチ―,森 雅夫 ,4-4,4,工学院
太古の昔原始人類が火を手に入れて以来、燃焼現象とと人間社会は切っても切れない関係にあった。18世紀の産業革命後、化石燃料の消費は急速に増加し近代文明はエネルギーの大量消費の上に構築されている。そして、2度のオイルショックを経験した現在でも、地球上で消費されるエネルギー量は増加の一途をたどり、その大部分は依然、化石燃料の消費をもって賄われる。では、果たして人類は、有限なエネルギーを有効に利用しているのであろうか。この大いなるテーマを追って、スタッフは燃焼学とい熱伝達の研究に取り組んでおられる機械工学院科の越後亮三教授のを訪問した。,エネルギー利用技術にブレークスルーを,越後 亮三 ,3-1,3,工学院
私たちは家という建築(=環境)に住み、校舎という物的環境の中で学んでいる。人間と環境としての空間の歴史をさかのぼれば、人類の誕生まで行きつくであろう。建築学の目標が建築という物的環境を創ることにあることは今も昔も変りはない。しかし、近代化の発展の中でその目標を達成するために、いくつかのプロセスを統一的に考える必要がでてきた。それを考察する建築学の分野として「建築計画学」がある。戦後発達した領域という意味で、建築学の中でもっとも新しい分野である。今回お話をうかがった谷口汎邦教授は、この分野のパイオニアの一人である。,豊かな人間性を育む環境を目差す,谷口 汎邦 ,3-2,3,工学院
東工大は応用化学系に古くからの伝統がある。その応用化学を40年近くにわたって研究してこられたのが生物工学院科の石川延男教授である。北棟5階にあるで、応用化学、特にファインケミカルといわれる分野について、お話をお伺いした。また、東工大に長年おられ、評議員もなされている教授の目からみた東工大について、そして新設された生物工学院科についても熱心に話して下さった。,応用化学が時代を創る,石川 延男 ,2-1,2,生命理工学院
------------,光の応用を考え続ける,辻内・本田 ,2-3,2,情報理工学院
摩擦とは一体何なのか、そして何故起こるのか。 その究極に挑み、トライボロジーと呼ばれる分野の研究をしているのが、笹田である。,摩擦世界を探る,笹田 直 ,1-4,1,工学院
現在では当たり前のように存在している光ファイバ。しかし、1960年代後半にすでにその将来性を確信していた人物がいた。それが末松先生である。末松・古屋では光通信の実用化に向けて、より信頼性の高いものへとさまざまな研究開発が進められてきた。その取り組みについて紹介する。,新トランジスタの開発―光通信の実現への大きな一歩,末松・古屋 ,0-3,0,工学院
,,,,,
,,,,,
,,,,,
,,,,,
,,,,,
,,,,,
,,,,,
,,,,,
,,,,,
,,,,,
,,,,,
,,,,,
,,,,,
,,,,,
,,,,,
,,,,,
,,,,,
,,,,,
,,,,,
,,,,,
,,,,,
,,,,,
,,,,,
,,,,,
,,,,,
,,,,,
,,,,,
,,,,,
,,,,,
,,,,,
,,,,,
,,,,,
,,,,,
,,,,,
,,,,,
,,,,,
,,,,,
,,,,,
,,,,,
,,,,,
,,,,,
,,,,,
,,,,,
,,,,,
,,,,,
,,,,,
,,,,,
,,,,,
,,,,,
,,,,,
,,,,,
,,,,,
,,,,,
,,,,,
,,,,,
,,,,,
,,,,,
,,,,,
,,,,,
,,,,,
,,,,,
,,,,,
,,,,,
,,,,,
,,,,,
,,,,,
,,,,,
,,,,,
,,,,,
,,,,,
,,,,,
,,,,,
,,,,,
,,,,,
,,,,,
,,,,,
,,,,,
,,,,,
,,,,,
,,,,,
,,,,,
,,,,,
,,,,,
,,,,,
,,,,,
,,,,,
,,,,,
,,,,,
,,,,,
,,,,,
,,,,,
,,,,,
,,,,,
,,,,,
,,,,,
,,,,,
,,,,,
,,,,,
,,,,,
,,,,,
,,,,,
,,,,,
,,,,,
,,,,,
,,,,,
,,,,,
,,,,,
,,,,,
,,,,,
,,,,,
,,,,,
,,,,,
,,,,,
,,,,,
,,,,,
,,,,,
,,,,,
,,,,,
,,,,,
,,,,,
,,,,,
,,,,,
,,,,,
,,,,,
,,,,,
,,,,,
,,,,,
,,,,,
,,,,,
,,,,,
,,,,,
,,,,,
,,,,,
,,,,,
,,,,,
,,,,,
,,,,,
,,,,,
,,,,,
,,,,,
,,,,,
,,,,,
,,,,,
,,,,,
,,,,,
,,,,,
,,,,,
,,,,,
,,,,,
,,,,,
,,,,,
,,,,,
,,,,,
,,,,,
,,,,,
,,,,,
,,,,,
,,,,,
,,,,,
,,,,,
,,,,,
,,,,,
,,,,,
,,,,,
,,,,,
,,,,,
,,,,,
,,,,,
,,,,,
,,,,,
,,,,,
,,,,,
,,,,,
,,,,,
,,,,,
,,,,,
,,,,,
,,,,,
,,,,,
,,,,,
,,,,,
,,,,,
,,,,,
,,,,,
,,,,,
,,,,,
,,,,,
,,,,,
,,,,,
,,,,,
,,,,,
,,,,,
,,,,,
,,,,,
,,,,,
,,,,,
,,,,,
,,,,,
,,,,,
,,,,,
,,,,,
,,,,,
,,,,,
,,,,,
,,,,,
,,,,,
,,,,,
,,,,,
,,,,,
,,,,,
,,,,,
,,,,,
,,,,,
,,,,,
,,,,,
,,,,,
,,,,,
,,,,,
,,,,,
,,,,,
,,,,,
,,,,,
,,,,,
,,,,,
,,,,,
,,,,,
,,,,,
,,,,,
,,,,,
,,,,,
,,,,,
,,,,,
,,,,,
,,,,,
,,,,,
,,,,,
,,,,,
,,,,,
,,,,,
,,,,,
,,,,,
,,,,,
,,,,,
,,,,,
,,,,,
,,,,,
,,,,,
,,,,,
,,,,,
,,,,,
,,,,,
,,,,,
,,,,,
,,,,,
,,,,,
,,,,,
,,,,,
,,,,,
,,,,,
,,,,,
,,,,,
,,,,,
,,,,,
,,,,,
,,,,,
,,,,,
,,,,,
,,,,,
,,,,,
,,,,,
,,,,,
,,,,,
,,,,,
,,,,,
,,,,,
,,,,,
,,,,,
,,,,,
,,,,,
,,,,,
,,,,,
,,,,,
,,,,,
,,,,,
,,,,,
,,,,,
,,,,,
,,,,,
,,,,,
,,,,,
,,,,,
,,,,,
,,,,,
,,,,,
,,,,,
,,,,,
,,,,,
,,,,,
,,,,,
,,,,,
,,,,,
,,,,,
,,,,,
,,,,,
,,,,,
,,,,,
,,,,,
,,,,,
,,,,,
,,,,,
,,,,,
,,,,,
,,,,,
,,,,,
,,,,,
,,,,,
,,,,,
,,,,,
,,,,,
,,,,,
,,,,,
,,,,,
,,,,,
,,,,,
,,,,,
,,,,,
,,,,,
,,,,,
,,,,,
,,,,,
,,,,,
,,,,,
,,,,,
,,,,,
,,,,,
,,,,,
,,,,,
,,,,,
,,,,,
,,,,,
,,,,,
,,,,,
,,,,,
,,,,,
,,,,,
,,,,,
,,,,,
,,,,,
,,,,,
,,,,,
,,,,,
,,,,,
,,,,,
,,,,,
,,,,,
,,,,,
,,,,,
,,,,,
,,,,,
,,,,,
,,,,,
,,,,,
,,,,,
,,,,,
,,,,,
,,,,,
,,,,,
,,,,,
,,,,,
,,,,,
,,,,,
,,,,,
,,,,,
,,,,,
,,,,,
,,,,,
,,,,,
,,,,,
,,,,,
,,,,,
,,,,,
,,,,,
,,,,,
,,,,,
,,,,,
,,,,,
,,,,,
,,,,,
,,,,,
,,,,,
,,,,,
,,,,,
,,,,,
,,,,,
,,,,,
,,,,,
,,,,,
,,,,,
,,,,,
,,,,,
,,,,,
,,,,,
,,,,,
,,,,,
,,,,,
,,,,,
,,,,,
,,,,,
,,,,,
,,,,,
,,,,,
,,,,,
,,,,,
,,,,,
,,,,,
,,,,,
,,,,,
,,,,,
,,,,,
,,,,,
,,,,,
,,,,,
,,,,,
,,,,,
,,,,,
,,,,,
,,,,,
,,,,,
,,,,,
,,,,,
,,,,,
,,,,,
,,,,,
,,,,,
,,,,,
,,,,,
,,,,,
,,,,,
,,,,,
,,,,,
,,,,,
,,,,,
,,,,,
,,,,,
,,,,,
,,,,,
,,,,,
,,,,,
,,,,,
,,,,,
,,,,,
,,,,,
,,,,,
,,,,,
,,,,,
,,,,,
,,,,,
,,,,,
,,,,,
,,,,,
,,,,,
,,,,,
,,,,,
,,,,,
,,,,,
,,,,,
,,,,,
,,,,,
,,,,,
,,,,,
,,,,,
,,,,,
,,,,,
,,,,,
,,,,,
,,,,,
,,,,,
,,,,,
,,,,,
,,,,,
,,,,,
,,,,,
,,,,,
,,,,,
,,,,,
,,,,,
,,,,,
,,,,,
,,,,,
,,,,,
,,,,,
,,,,,
,,,,,
,,,,,
,,,,,
,,,,,
,,,,,
,,,,,
,,,,,
,,,,,
,,,,,
,,,,,
,,,,,
,,,,,
,,,,,
,,,,,
,,,,,
,,,,,
,,,,,
,,,,,
,,,,,
,,,,,
,,,,,
,,,,,
,,,,,
,,,,,
,,,,,
,,,,,
,,,,,
,,,,,
,,,,,
,,,,,
,,,,,
,,,,,
,,,,,
,,,,,
,,,,,
,,,,,
,,,,,
,,,,,
,,,,,
,,,,,
,,,,,
,,,,,
,,,,,
,,,,,
,,,,,
,,,,,
,,,,,
,,,,,
,,,,,
,,,,,
,,,,,
,,,,,
,,,,,
,,,,,
,,,,,
,,,,,
,,,,,
,,,,,
,,,,,
,,,,,
,,,,,
,,,,,
,,,,,
,,,,,
,,,,,
,,,,,
,,,,,
,,,,,
,,,,,
,,,,,
,,,,,
,,,,,
,,,,,
,,,,,
,,,,,
,,,,,
,,,,,
,,,,,
,,,,,
,,,,,
,,,,,
,,,,,
,,,,,
,,,,,
,,,,,
,,,,,
,,,,,
,,,,,
,,,,,
,,,,,
,,,,,
,,,,,
,,,,,
,,,,,
,,,,,
,,,,,
,,,,,
,,,,,
,,,,,
,,,,,
,,,,,
,,,,,
,,,,,
,,,,,
,,,,,
,,,,,
,,,,,
,,,,,
,,,,,
,,,,,
,,,,,
,,,,,
,,,,,
,,,,,
,,,,,
,,,,,
,,,,,
,,,,,
,,,,,
,,,,,
,,,,,
,,,,,
,,,,,
,,,,,
,,,,,
,,,,,
,,,,,
,,,,,
,,,,,
,,,,,
,,,,,
,,,,,
,,,,,
,,,,,
,,,,,
,,,,,
,,,,,
,,,,,
,,,,,
,,,,,
,,,,,
,,,,,
,,,,,
,,,,,
,,,,,
,,,,,
,,,,,
,,,,,
,,,,,
,,,,,
,,,,,
,,,,,
,,,,,
,,,,,
,,,,,
,,,,,
,,,,,
,,,,,
,,,,,
,,,,,
,,,,,
,,,,,
,,,,,
,,,,,
,,,,,
,,,,,
,,,,,
,,,,,
,,,,,
,,,,,
,,,,,
,,,,,
,,,,,
