林直亨先生の研究室では、循環機能がもたらす健康へ影響について、特に血流に着目した研究を行なっている。ここでは、マッサージや食事など、運動に限らない取り組みを模索しており、これからのライフ スタイルに合わせた健康の在り方を探っている。本稿では、先生の研究をいくつか紹介するとともに、先 生の研究に対する意識を述べる。,循環機能が魅せる健康,林 直亨,92-1-hayasi.pdf,92,リベラルアーツ研究教育院,http://hlab.hum.titech.ac.jp/,,,,,,,,,,,社会・人間科学系,社会・人間科学コース,,,,,92
それぞれの専門分野の垣根を超えた交わりがイノベーションに必要になってくる時代。分野の壁を越え、 どうやったら相手の言っていることを理解し、自分の言いたいことを相手に分かるように伝えるか。人の コミュニケーションから見えてくる世界とは何なのだろうか,異分野をつなぐ対話空間を,野原 佳代子,92-2-nohara.pdf,92,環境・社会理工学院,http://www.tse.ens.titech.ac.jp/~nohara/ja/,,,,,,,,,,,融合理工学系,地球環境共創コース,,,,,
三宅研究室は、共創システムをキーワードに、人と人、あるいは人と機械のコミュニケーションの仕組 みの研究や応用を行なっている。以下では、先生がどのようなアプローチで研究を行なっているのか、ま たそれに情報工学がどのような形で関わっているのかということについて触れていく。,「間の合う」人とロボット,三宅 美博,92-3-miyake.pdf,92,情報理工学院,https://www.myk.dis.titech.ac.jp/2007hp/index.html,,,,,,,,,,,情報工学系,知能情報コース,,,,,
弓山先生の研究室では関与型調査という手法を用いてスピリチュアリティについて研究を行なっている。 この手法を用いることでより社会に働きかけるような研究を行えるという。本稿ではそのような手法を用 いて行なっている二つの研究について紹介するとともに、先生の研究に対する考え方について触れていく。,関与型調査で追い求めるより良い社会,弓山 達也,91-1-yumiyama.pdf,91,リベラルアーツ研究教育院,http://yumiyama.my.coocan.jp/,,,,,,,,,,,社会・人間科学系,社会・人間科学コース,,,,,
都市の生活空間を覆う大気は、その運動によってざまざまな形で人間社会に干渉する。田村研究室では スーパーコンピュータを用いて大気の流動現象を解析することで、環境・防災問題の解決を目指している。 本稿では、風の流れを解析することの複雑さを理解した上で、LES解析という手法に触れてもらい、後半 ではその解析結果の汎用性について注目していく。,風の流れを捉える、操るそして親しむ,田村 哲郎,91-2-tamura.pdf,91,環境・社会理工学院,,,,,,,,,,,,建築学系,都市・環境学コース,,,,,
今や我々に親しい存在となった音声認識であるが、システムの学習にかかるコストが普及の足かせになっ ている。そのコストを減らすため、篠崎研究室では半教師あり学習という方法を用いてシステムが自律的 に学習する仕組みの実現を目指している。ここでは音声認識の仕組みに触れながら、研究室で現在進めら れている研究について紹介する。,音声認識システムの自律的学習を目指して,篠崎 隆宏,91-3-shinozaki.pdf,91,工学院,http://www.ts.ip.titech.ac.jp/index_j.html,,,,,,,,,,,情報通信系,情報通信コース,,,,,
熊井真次先生の研究室では主に３つの分野について研究している。材質の劣化を引き起こさない頑丈な 接合方法、質の良いアルミニウム合金の鋳造方法、合金の成分を視覚化する新しい方法の３つを一つひと つ紹介する。そして材料分野における基礎・基本研究の大切さと研究室で学生を育てるということについ てきいた。,強くて優しい社会基盤材料をつくる,熊井 真次,90-1-kumai.pdf,90,物質理工学院,http://www.kumai.mtl.titech.ac.jp/,,,,,,,,,,,材料系,材料コース,,,,,
奥住研究室では、惑星がどのように形成されるのかについての研究を行なっている。先生は、実際には 観測することが難しい惑星の形成を、理論物理学に基づくシミュレーションによって解き明かそうとして いる。本稿では、惑星の形成を説明するうえでどのような問題が存在し、それらをどのようなアプローチ で解決しようとしているかを紹介する。,シミュレーションで追う惑星の誕生,奥住 聡,90-2-okusumi.pdf,90,理学院,http://www.geo.titech.ac.jp/lab/okuzumi/,,,,,,,,,,,地球惑星科学系,地球惑星科学コース,,,,,
塩浦研究室では、情報科学、経営工学、経済学などの分野で現れる問題と、その問題に関連のある数学 の研究、そしてその研究の他分野への応用を行なっている。本稿では、まず塩浦研究室が扱っている問題 とはどういうものかを説明し、数学との関連性を見ていく。そして、塩浦先生の取り組んだ研究の一つ、 オークション理論に触れていく。,現代社会の最適解を探る,塩浦 昭義,90-3-shiora.pdf,90,工学院,http://www.iee.e.titech.ac.jp/~shioura-lab/index.html,,,,,,,,,,,経営工学系,経営工学コース,,,,,
伊原研究室では高効率なエネルギー変換を実現し人類に貢献することを目標に、太陽電池、燃料電池、 エネルギーシステムの３つの分野の研究を並行して進めている。それぞれの研究は一見大きく異なってい るように思えるが、これらを同時に行うことには重要な意義がある。本稿では、一つひとつの研究内容に 触れたのち、全体を司る先生の考え方について紹介していく。,エネルギー変換の新地平,伊原 学,89-1-ihara.pdf,89,物質理工学院,,,,,,,,,,,,応用化学系,エネルギーコース,,,,グローバル水素エネルギー研究ユニット,
北野政明先生の研究室では、貴金属をまったく使わない環境低負荷な高性能触媒の開発を究極の目標と して、無機触媒の研究を進めている。主な研究の対象はエレクトライド触媒と呼ばれ、アンモニアの合成 に利用が期待される物質群である。本稿ではエレクトライド触媒の歴史と性質、そしてエレクトライド触 媒の展望とともに北野研究室を紹介する。,ありふれた元素から作る環境調和触媒,北野 政明,89-2-kitano.pdf,89,その他,,,,,,,,,,,,材料系,材料コース,,,,,
情報分野の発展はめざましく、また多岐にわたっている。金子研究室はその中で符号化理論を対象にした 研究、特にハードウェアに適切な符号化を施すための研究を行なっている。本稿では符号化の基本から入 り、その後先生の研究である誤り訂正符号とデータ圧縮について紹介する。また、先生の研究のスタンス についても触れる。,信頼・効率を生み出す符号化,金子 晴彦,89-3-kaneko.pdf,89,情報理工学院,,,,,,,,,,,,情報工学系,情報工学コース,,,,,
小野研究室では、進化計算と呼ばれるアルゴリズム群を研究している。進化計算とは生物の進化に着想 を得て考案されたアルゴリズムの総称であり、設計などの分野で応用されている。本稿では、その中でも 関数の最小値や最大値をとる点を求める問題や、組み合わせ問題を解くために小野研究室で考案されたア ルゴリズムを紹介する。,進化計算で難問に挑む,小野 功,89-4-ono.pdf,89,情報理工学院,,,,,,,,,,,,情報工学系,知能情報コース,,,,ビッグデータ数理科学研究ユニット,
世界にはさまざまな微生物が存在し、それらのもつ機能を人々は利用してきた。最近では、その機能を 遺伝子に着目して解明することができ、微生物の持つ酵素などを産業に応用できると期待されている。福 居研究室では、海底火山に生息している微生物の生体機能や酵素の解明と生分解性プラスチックの微生物 合成の研究をしている。本稿ではこれらの研究について紹介する。,微生物の生命機能応用,福居 俊昭,89-5-hukui.pdf,89,生命理工学院,,,,,,,,,,,,生命理工学院学系,生命理工学院学コース,,,,,
障害者というと、文字通り障害を抱えている人というような、負のイメージがどうしても離れない人が 多い。そんな中、伊藤先生は障害者に対して新しいアプローチを試みている。障害者のものの見方を観察 して、新しい情報を得ようというのだ。先生が研究を始めたきっかけから、現在どのようにして斬新な研 究を進めているか、追っていく。,視覚のない世界を捉える,伊藤 亜紗,88-1-ito.pdf,88,リベラルアーツ研究教育院,,,,,,,,,,,,社会・人間科学系,社会・人間科学コース,,,,,
私たち哺乳類は様々な器官が複雑に絡み合ってできている。これらが合わさった組織を指先に乗るくら いまでに小型化して再現できれば、世界で最もコンパクトな生体器官のモデルになるのではないか。その ような考えから、同一細胞種から分化した代謝器官を１つのチップに収めることに成功したのがここ田川 研究室である。先生がどのようにしてこれを成功させ、その後どう研究を発展させているのか紹介しよう。,手のひらサイズの人工生命,田川 陽一,88-2-tagawa.pdf,88,生命理工学院,,,,,,,,,,,,生命理工学院学系,生命理工学院学コース,,,,,
田中研究室では、有機化合物の不斉合成を主に研究している。研究の対象となる分子の中には、単純な 不斉をもつ分子だけでなく、ベンゼン環がベルト状やらせん状に繋がったユニークな構造のものもある。 本稿では、不斉の種類について解説したのち、田中研究室で行なっている不斉合成やそれに関連する研究 について触れる。,不斉を制御する触媒,田中 健,88-3-tanaka.pdf,88,物質理工学院,,,,,,,,,,,,応用化学系,応用化学コース,,,,,
地球を離れると、 そこには一見過酷な環境が広がっているように見える。秋田ではそのような宇宙の多様な環境を利用し、航空宇宙工学を用いて宇宙の謎を解明するための従来とは異なる探査システムを開発すべく研究を重ねている。 ここでは先生の研究を大まかに金星や火星などの空気のある世界と宇宙空間の空気のない世界の二つに分けて紹介していく。,宇宙の過酷な環境を利用する,秋田 大輔,87-1-akita.pdf,87,環境・社会理工学院,,,,,,,,,,,,融合理工学系,地球環境共創コース,,,,,
岩澤・鷹谷では、遷移金属錯体を用いて新しい有機合成反応を開発する研究を行なっている。 その中でも本稿では、遷移金属錯体を用いた触媒的な二酸化炭素の固定化反応と、 ボロン酸エステルの動的自己組織化に焦点を当てて紹介する。 そして、先生方と有機化学の出会いや、研究活動の原動力についても触れる。,夢の反応を目指して,岩澤・鷹谷,87-2-iwazaki-takaya.pdf,87,理学院,,,,,,,,,,,,化学系,化学コース,エネルギーコース,,,,
生命を形作るために必要不可欠な生体高分子。近年研究が活発に行われているこの分野を、化学と生物の境界領域で研究しているのが芹澤である。先生は生体高分子の、生体の中では使われていない性質を新たな機能として使うことができないかと考え研究している。本稿では主に、 ペプチドやセルロースの機能に着目し、新たな材料への可能性を探る先生の研究について紹介する。,生体高分子の可能性,芹澤 武,87-3-serizawa.pdf,87,物質理工学院,,,,,,,,,,,,応用化学系,応用化学コース,,,,,
豊田では、 アントラセンとアセチレンを繋げてさまざまな構造を有する分子を創り出している。本稿ではまず、物理有機化学について紹介したうえで、 アントラセンとアセチレンの構造と性質を述べる。そして、豊田先生が実際に創り出した分子のいくつかを取り上げ、 その構造と物性を物理有機化学の立場から紹介し、先生の理念へと繋げる。,構造から視る化学の世界,豊田 真司,87-4-toyota.pdf,87,理学院,,,,,,,,,,,,化学系,化学コース,,,,,
粂・白木では再生医療で用いることができる細胞を作る研究を行なっている。再生医療は期待が大きい反面、まだ研究されるべきことが数多く残っている。目標とする細胞を作るためには、細胞が特定の機能をもつようになる分化についての研究が欠かせない。本稿では糖尿病に深く関係する細胞を作るために、どのような研究が行われているのかを紹介する。,再生医療への足掛かり,粂・白木,86-1-kume.pdf,86,生命理工学院,,,,,,,,,,,,生命理工学院学系,生命理工学院学コース,,,,,
和地では生命をテーマとした研究が行われている。生命は、生物学者の間ですら明確に定義できていないほど未解明な部分が多く、またそれゆえに、生命についての研究が盛んに進められている。その中で先生は、細胞分裂という現象に着目することで、生命の解明を目指している。本稿では、細菌の細胞分裂に関する先生の研究について紹介する。,生命の真髄へと至る道,和地 正明,86-2-wachi.pdf,86,生命理工学院,,,,,,,,,,,,生命理工学院学系,生命理工学院学コース,,,,,
我々の暮らす現代社会は、多くの機械によって成り立っている。機械の原動力となるのはモータであり、国内の電力の60％がモータによって消費されていることを考えると、モータは現代社会の心臓と言えるだろう。そのようなモータの中でも、今注目を浴びている二種類のモータがある。本稿では、それらのモータについて、千葉で行われている研究を紹介していく。,世界を回すモータ,千葉 明,86-3-tiba.pdf,86,工学院,,,,,,,,,,,,電気電子系,電気電子コース,エネルギーコース,,,,
倉林では、新しく問題が発生した時でも自分で考え解決できるような賢いロボットの制御について、生き物に学ぶという手法で研究を進めている。まず、粘菌をモデルにした群れで動くロボットを紹介する。次に、カイコガの脳をロボットに接続することで、カイコガの匂い源を探るシステムを解明する研究について紹介する。,生物に学ぶロボット制御,倉林 大輔,86-4-kurabayashi.pdf,86,工学院,,,,,,,,,,,,システム制御系,システム制御コース,エンジニアリングデザインコース,,,,
伊藤では超弦理論等の素粒子物理学の最先端分野を扱っている。本稿では、素粒子物理学の諸理論を説明したのち、伊藤で扱われている最先端の研究について触れる。完成するのは100年後とも言われる研究分野の一端をお見せしよう。また、壮大な研究に挑む先生が描く理想の物理学者像についても紹介する。,究極理論の完成へ,伊藤 克司,86-5-ito.pdf,86,理学院,,,,,,,,,,,,物理学系,物理学コース,,,,,
太田・下嶋研究室では、藻類や植物に代表される光合成生物が周囲の環境からどのような影響を受け、どのように適応してきたのかについてあらゆる側面から研究している。本稿ではその中から、太田先生が解明した藻類・植物のルーツと環境適応について紹介した後、藻類が生み出す新たなエネルギーの展望について取り上げる。,藻類は“進化”する,太田・下嶋,85-1-ota-shimozaki.pdf,85,生命理工学院,,,,,,,,,,,,生命理工学院学系,生命理工学院学コース,,,,,
私たち生命を営むために、重要な働きをする「タンパク質」。人間の目に見えないところでタンパク質が動き、生体システムを動かす。上野研究室では、タンパク質集合体を研究の中心に据えて機能の解明や新機能の発掘を行い、さらにはオリジナルのタンパク質で生体内の不思議を解明しようとしている。ここでは、2つのタンパク質について、上野先生が行なってきた研究を紹介する。,タンパク質集合体に見出す新機能,上野 隆史,85-2-ueno.pdf,85,生命理工学院,,,,,,,,,,,,生命理工学院学系,生命理工学院学コース,,,,,
早水研究室では、ペプチドをグラフェンなどのナノ材料の上に自己組織化させ、エレクトロニクスに応用する研究を行なっている。本稿では、はじめにペプチドのグラフェン上での自己組織化について説明し、次にペプチドをエレクトロニクスに応用する方法とそのメリットについて紹介する。また、先生が生体分子とエレクトロニクスという異なった分野を横断した研究を行なっている経緯についても紹介する。,ペプチドが描くエレクトロニクスの世界,早水 裕平,85-3-hayamizu.pdf,85,物質理工学院,,,,,,,,,,,,材料系,材料コース,ライフエンジニアリングコース,,,,
上田研究室では、金属がどのように酸化していくかを解明し、その知見を活かして金属の酸化を遅らせる手法を開発する研究が行われている。ひとことで言うと、金属をアンチエイジングする研究、である。金属の酸化を遅らせることができれば、火力発電の高効率化など、さまざまなメリットがある。そんなアンチエイジングを実現するために、どのように研究が進められているのだろうか。,金属のアンチエイジング,上田 光敏,85-4-ueda.pdf,85,物質理工学院,,,,,,,,,,,,材料系,エネルギーコース,材料コース,,,,
材料に大きな力を加えて変形させることで目的の形状にする加工法を塑性加工というが、吉野研究室ではこの塑性加工を用いてナノテクノロジー（ナノテク）製品を作ろうとしている。本稿では先生がどのようにして塑性加工技術をナノテクとして利用したのかについて触れながら、その応用であるナノドットアレイの作製や、光メタマテリアルの製法について紹介しよう。,塑性加工で切り拓くナノテクの世界,吉野 雅彦,84-1-yoshino.pdf,84,工学院,,,,,,,,,,,,機械系,機械コース,,,,,
我々の身近に存在する微生物。自然環境中に存在する微生物はそのほとんどが培養できないため、従来の方法では微生物研究に限界があった。しかし、近年（2015年4月当時）メタゲノム解析という新しい手法が登場し、微生物研究は新たな局面を迎えた。黒川・中島・山田研究室ではこの手法を用いることで微生物に関する新たな知見を発見し、さまざまな分野に応用しようとしている。その挑戦を覗いていこう。,微生物ゲノムのその先へ,黒川・中島・山田,84-2-kurokawa-nakajima-yamada.pdf,84,生命理工学院,,,,,,,,,,,,生命理工学院学系,生命理工学院学コース,,,,,
坂井・宮内研究室では、材料工学の側面から持続可能な低炭素化社会を実現するための研究を行なっている。坂井先生と助教の新（あたらし）先生はセメントの改良を通して、宮内先生は光触媒および人工光合成の開発を通して世界が抱える問題に取り組んでいる。本稿では、先生方の研究がどのように社会に貢献しているかについて、また、先生方の研究への姿勢に焦点を当てて紹介する。,地球を長生きさせる材料,坂井・宮内,84-3-sakai-miyauchi.pdf,84,物質理工学院,,,,,,,,,,,,,,,,,特任教授,
奥村・高村研究室では、人間が使用する「ことば」をコンピュータ上で処理し、さまざまな応用を試みる自然言語処理という学問分野について研究している。本稿では、テキストに秘められた感情的な側面を汲み取ることができるようなシステム開発についての研究、そして現在（2015年4月当時）大きな注目を浴びているSNSを対象にした研究を主に紹介する。,「ことば」を工学する,奥村・高村,84-4-okumura-takamatsu.pdf,84,工学院,,,,,,,,,,,,,,,,,,
石曽根研究室では、「新規モノマーから新規ポリマーを合成すること」を念頭に置いて、さまざまな構造を有する新規ポリマーの合成を行なっている。本稿ではまず身近なポリマーを紹介した後、モノマーの官能基が重合反応に与える影響について述べる。そして、石曽根研究室で主に用いられている重合方法と合成された新規ポリマーについて紹介する。,新規ポリマーの合成で踏み出す第一歩,石曽根 隆,84-5-ishizone.pdf,84,物質理工学院,,,,,,,,,,,,応用化学系,応用化学コース,,,,,
普段の生活の中でごみが出ることは避けられない。毎日大量に出るごみを処理するためにはコストがかかってしまうが、世界にはごみ処理のためにお金をかけられない地域も存在する。そこで吉川研究室では、ごみに付加価値を与え、販売可能な資源に作り変えるような処理方法を提案している。先生はいったいどのようにしてごみを資源に転換しようというのだろうか。,ごみが売れる時代へ,吉川 邦夫,83-1-yoshikawa.pdf,83,環境・社会理工学院,,,,,,,,,,,,,,,,,名誉教授(2019-),
後藤研究室ではユニークな形の有機分子を用いた研究を行い、新しい反応を発見したり、未知の反応機構の解明を行なったりしている。その研究で解明した事実は多岐に渡る。その中でも本稿では後藤研究室が最近（2015年1月当時）取り組んでいるボウル型の分子を用いた研究について紹介する。くわえて、ある実験のエピソードから後藤先生の考える理想の研究者像について紹介する。,ボウル型分子で反応を解析する,後藤 敬,83-2-goto.pdf,83,理学院,,,,,,,,,,,,化学系,化学コース,,,,,
現在（2015年1月当時）、スピンエレクトロニクスという分野の研究が活発に行なわれている。この分野の研究は、村上先生が電子のスピンホール効果を2003年に提唱し、この現象が実験的に観測されてからよりいっそう活発になった。本稿では、先生が提唱した電子のスピンホール効果と、現在先生が研究しているトポロジカル絶縁体という物質を取り上げる。,紙と鉛筆で現象を予言する,村上 修一,83-3-murakami.pdf,83,理学院,,,,,,,,,,,,物理学系,物理学コース,,,,,
大谷研究室は、ものを見る際に目の細胞で起こる化学反応であるレチナールの異性化について研究している。この反応は観測しにくい反応であるため、観測方法を工夫する必要がある。本稿ではレチナールとは何か説明した後、レチナールの異性化の観測方法について詳しく述べ、研究の進展と異性化が秘める可能性についても見ていく。,目で起こる化学反応,大谷 弘之,83-4-otani.pdf,83,生命理工学院,,,,,,,,,,,,,,,,,本学を転出・卒業,
大内研究室では、イオン液体の物性の測定と制御を通して、まったく新しい材料を作ろうとしている。大内先生が考える新しい材料とはどのようなものなのだろうか。本稿ではまず、イオン液体について説明する。そして、先生の経歴について触れながら、2つの主要な物性測定法、さらに先生が見据えるイオン液体の未来まで紹介していく。,イオン液体が拓く材料の未来,大内 幸雄,83-5-ochi.pdf,83,物質理工学院,,,,,,,,,,,,材料系,材料コース,,,,,
私たちにとって身近な存在である氷も、その性質には未だ明らかになっていない部分がある。氷の性質を理解することは、環境に配慮した設備やより効率的な機構の開発につながる。大河研究室では、氷の性質の解明とそれを利用した装置の開発を行なっている。本稿では、先生の研究の中から過冷却の解消、ミクロスケールでの氷の性質、凍結濃縮法といった3つのテーマを取り上げる。,技術で輝く氷,大河 誠司,82-1-okawa.pdf,82,工学院,,,,,,,,,,,,機械系,エネルギーコース,機械コース,,,,
TSUBAME にも使われている光通信技術はさらに進化を遂げて、集積回路上の電気信号をも光に換えようとしている。光配線を実現するためには、レーザーの消費電力を1000分の1にしなければならない。この課題をどう解決するのだろうか。超近距離光通信用半導体レーザー技術の最先端をのぞいてみよう。,進化を支える光,荒井・西山,82-2-arai-nishiyama.pdf,82,工学院,,,,,,,,,,,,,,,,,,
安岡・竹内研究室では、水中プラズマを用いて水を再利用する研究が行われている。本稿ではまず、水中プラズマとはどのようなものなのか説明する。そして、水を取り巻くさまざまな問題を通して、なぜ水の再利用が必要なのか、また、なぜ水中プラズマが有用なのかを述べる。最後に先生は水の再利用をどのようにして果たそうとしているのかを紹介していく。,よみがえれ水,安岡・竹内,82-3-yasuoka-takeuchi.pdf,82,工学院,,,,,,,,,,,,,,,,,,
増井研究室では主にモデルを用いて温室効果ガスの排出目標達成のための研究をしている。増井先生自身は東工大の連携教授として研究室をもち講義を行なっているが、研究自体は主に国立環境研究所で行なっている。本稿では、地球温暖化対策税率に関する研究と先生が開発したモデル、そして先生が考える温暖化対策について紹介していく。,未来の地球を代弁する,増井 利彦,82-4-masui.pdf,82,工学院,,,,,,,,,,,,経営工学系,経営工学コース,,,,,
長田研究室では酵母を使った匂い・フェロモンのセンサーを製作している。匂いといえばとても身近なものであり、フェロモンという言葉も聞いたことのある人は多いのではないだろうか。本稿では、そもそも匂い・フェロモンとは何であるかという基本的な知識から、長田研究室の研究や先生の理念までを紹介していく。,酵母で匂いを見る,長田 俊哉,81-1-nagata.pdf,81,生命理工学院,,,,,,,,,,,,生命理工学院学系,生命理工学院学コース,,,,,
光合成などに見られる光化学反応のように、化学現象の中には物質と光の相互作用により起こるものがある。河合研究室ではこの光と化学物質の相互作用をテーマとした物理化学の研究を行なっている。本稿では主に、河合研究室が掲げる目標の一つである新しい光現象の発見およびそれを利用した観測技術の開発について紹介する。,光で覗く化学の世界,河合 明雄,81-2-kawai.pdf,81,理学院,,,,,,,,,,,,,,,,,本学を転出・卒業,
井田研究室では、太陽系などの惑星系がどのようにして形成され進化していくのかを知るために、コンピュータシミュレーションを用いた理論的な研究をしている。井田研究室は2012年に設立された地球生命研究所で、惑星系形成という立場から、地球と生命の起源や宇宙における生命をテーマに今まで研究されたことのない問題にも挑戦している。,惑星系形成から生命を探す,井田 茂,81-3-inota.pdf,81,理学院,,,,,,,,,,,,地球惑星科学系,地球惑星科学コース,,,,系外惑星観測研究センター,
高橋研究室では将来の原子力発電において利用が検討されている鉛ビスマス冷却高速炉について研究を行なっている。本稿では原子力発電の基本的な分類や発電方法を取り上げ、その中でも高橋研究室で行われている、鉛ビスマス冷却高速炉における設計・理論の提唱、炉材料の腐食実験や酸素濃度の制御について深く掘り下げていく。,ゼロからの研究開発 鉛ビスマス冷却高速炉,高橋 実,81-4-takahashi.pdf,81,環境・社会理工学院,,,,,,,,,,,,,,,,,名誉教授(2018-),
佐々木研究室では、インフラストラクチャの安全性を高める研究が行われている。インフラストラクチャ は市民の生活に最も身近な設備や構造物であり、高い安全性と利便性が求められる。先生は、ただ安全性 を高めることだけではなく、センサーを利用して新たな問題点を発見する方法の模索や、費用の削減など 研究している技術がより早く社会に浸透するための改良も行なっている。,社会を支える基盤を守る,佐々木 栄一,80-1-sasaki.pdf,80,環境・社会理工学院,,,,,,,,,,,,,,,,,,
宗宮研究室では近年物理分野で最も注目を浴びている分野のひとつである重力波についての研究を行なっ ている。宗宮先生自身、重力波検出器の製作に携わっており、近々完成予定の検出器KAGRAにおいてプ ロジェクトの中心的メンバーとなって最先端で活躍している。本稿では重力波を理解するための補助とな る知識とともに、宗宮研究室の研究内容について触れていく。,未知の可能性を秘める 重力波の検出,宗宮 健太郎,80-2-somiya.pdf,80,理学院,,,,,,,,,,,,,,,,,,
現在私たちがさまざまな治療を受けることができるのは、医学の発展だけでなく医療材料の発達と充実 によるところが大きい。本稿では医療材料に関する田中・生駒研究室の研究の中でも、コラーゲンを用い た医療材料の開発を主軸に、ビスフォスフォネートのドラッグデリバリーシステムやイオントフォレシス という投薬法に関する研究も併せて紹介する。,材料工学から 医療の未来を照らす,田中・生駒,80-3-tanaka-ikoma.pdf,80,物質理工学院,,,,,,,,,,,,,,,,,,
藤﨑研究室では暗号理論の研究を行なっている。単純な機能しかもたない暗号に比べてより高度な機能 をもつ暗号は安全性を満たすのが大変である。先生はどのような手段によってより高度な機能をもつ暗号 を作ろうとしているのだろうか。私たちの身近な事例を取り上げながら藤﨑研究室の暗号理論の研究につ いて紹介していく。,より高度で安全な暗号を 目指して,藤﨑 英一郎,80-4-fujisaki.pdf,80,情報理工学院,,,,,,,,,,,,,,,,,,
2012年4月に完成したばかりのソーラーパネルで囲まれた建物、その名も環境エネルギーイノベーショ ン棟。そこは学部や専攻の垣根を越えて環境やエネルギーに関連した研究室を集めた場所である。本稿で はその中でもパワーデバイスという電力変換を行う電子素子の研究を主に行なっている波多野研究室につ いて紹介していく。,デバイスの可能性 究極の素材ダイヤモンド,波多野 睦子,80-5-hatano.pdf,80,工学院,,,,,,,,,,,,,,,,,,
近年、通信技術の発達によりビッグデータと呼ばれるものが登場してきた。ビッグデータは多方面から 注目されており、研究方面では情報分野に限らず他の分野でも利用されていたり、企業ではビジネスなど に活用されたりしている。本稿では、脇田研究室で行われている研究の中から、ビッグデータに関する研 究を取り上げて紹介していく。,ビッグデータの先を見る,脇田 建,79-1-wakita.pdf,79,情報理工学院,,,,,,,,,,,,,,,,,,
森研究室では有機エレクトロニクスの研究を行なっている。有機エレクトロニクスとは有機半導体をベー スとした電子工学のことであり、近年とても注目されている分野の一つである。本稿ではその中でも代表 的な有機半導体と、あわせて有機超伝導に注目して紹介する。また、森研究室ではどのようなアプローチ で研究に取り組んでいるかということについても触れていく。,今と未来を明るくする 有機エレクトロニクス,森 健彦,79-2-mori.pdf,79,物質理工学院,,,,,,,,,,,,,,,,,,
先生は人間の脳の無意識的な情報処理のメカニズムを明らかにしようとしている。特に聴覚について、 錯覚を利用することでどのようにして主観的な聴こえというものが形成されるのか追究している。また先 生は音楽を聴いたときの心地よさや魅力の形成についても、数理科学・神経生理学院的なアプローチからモ デルを立てて解析を進めている。,聞こえと無意識の科学,柏野 牧夫,79-3-kashino.pdf,79,情報理工学院,,,,,,,,,,,,,,,,,,
ここ数年「目標が見つからない」「将来が不安」という学生たちが増えている。2012年10月に就任され た三島良直学長は、そんな学生たちに対して「自覚と熱意をもって挑戦しよう」と語る。まだ留学が珍し かった時代、「人がやらないことをやってみよう」とカリフォルニアへ飛び出していった学長のエピソード とともに、私たち学生はどうすればいいのか、そして東工大はどのように変わっていくべきなのか、お話 を伺った。,自覚・熱意・挑戦-三島新学長が語る理想の東工大像とは,三島 良直,78-1-mishima.pdf,78,その他,,,,,,,,,,,,,,,,,特別企画,
矢野研究室では、過酷な環境で使われる材料を開発している。材料の性質は、その材料を構成するミク ロな組織に起因している。このミクロな組織の変化に注目することで、材料が過酷な環境でどのように変 化するかを予測することができる。先生は、透過型電子顕微鏡などの最先端の技術を用いることによって、 結晶の並びなどの材料のミクロな世界を観察し、過酷な環境に耐えられる材料を開発している。,過酷環境材料が切り拓く未来,矢野 豊彦,78-2-yano.pdf,78,その他,,,,,,,,,,,,,,,,,,
現代社会において、空間は特定の機能をもたされている。そして、その空間が果たすべき目的を達成す るための空間づくりがいたるところで行われている。しかし、ありとあらゆる生命がこうした空間のあり 方に順応することは、果たして可能なのだろうか。土肥先生は社会問題、環境問題といった幅広いトピッ クに、空間のあり方という観点からアプローチする。,空間形成の新時代、来たる,土肥 真人,78-3-dohi.pdf,78,環境・社会理工学院,,,,,,,,,,,,,,,,,,
効率のいいものを作るには、性能のいい材料が必要である。今日では、性能のみならず、環境にやさし いものづくりの必要性が高まっており、中島・松下研究室では、社会のニーズに答えるために環境材料研 究を行なっている。その研究は、自然現象が起こる理由とともにどう材料に応用するかを考える、理学院的 でかつ工学的なものである。その奥深い材料研究を行う中島・松下研究室を紹介しよう。,地球を救う環境材料,中島・松下,78-4-nakashima-matsumoto.pdf,78,物質理工学院,,,,,,,,,,,,,,,,,,
山口先生は、宇宙の始まりや宇宙の実態はどのようなものなのかを追い求め研究をしている。宇宙理論 研究では、研究対象を直接手にとって実験を行うことができないため、どのように研究すべきかという根 本的な問いが大きな問題となる。本稿では、宇宙理論研究に特有の3つのアプローチを手がかりに、広大 な宇宙に挑む先生の研究スタイルを、具体的な宇宙現象を例に紹介する。,宇宙を取り巻く謎に挑む,山口 昌英,78-5-yamaguchi.pdf,78,理学院,,,,,,,,,,,,,,,,,,
福田研究室では人間の行動を予測する研究を行なっている。人間は予想外の行動をとってしまうもので あり、それを正確に予測することはとても困難である。先生はどのようにして人間の行動を予測している のだろうか。本稿では先生の研究をいくつか取り上げ、実際に人間の行動を予測をするアプローチに迫る。 また、福田研究室の日々の研究が社会にどのように影響を与えているのかについても触れる。,土木工学で変わる人々、 変えていく社会,福田 大輔,77-1-fukusa.pdf,77,環境・社会理工学院,,,,,,,,,,,,,,,,,,
現代社会はコンピュータによって支えられている。そのコンピュータはソフトウェアに支えられて動い ている。では、ソフトウェアを開発する人間は一体何に支えられているのだろう。それこそがソフトウェ ア工学である。権藤先生は、ソフトウェア開発者がバグを生み出さないようにするため、開発者を支える さまざまなツールの開発を行なっている。世界を支えるソフトウェア工学の世界へ、ようこそ。,バグの闇を照らす ソフトウェア工学の光,権藤 克彦,77-2-gondo.pdf,77,情報理工学院,,,,,,,,,,,,,,,,,,
上田研究室では最先端の高分子材料の開発に力を入れている。また、新規材料を開発するために最適な 高分子合成法の開発も行なっている。本稿では、上田研究室で行われている研究の中から主に、ブロック 共重合体を用いて半導体をナノレベルで制御した有機薄膜太陽電池や、非常に多機能な樹状高分子である デンドリマーについて紹介していく。,明るい未来へ 分岐する高分子材料,上田 充,77-3-ueda.pdf,77,その他,,,,,,,,,,,,,,,,,,
古代から現代に至るまでさまざまな機械が発明され、そして利用されてきた。その中には動力を伝える ために歯車が使われているものが多い。そのため、歯車に関する研究は長い間行なわれてきた。先生の所 属する精密工学研究所では戦前から歯車の研究を軸としており、北條春夫先生はこの流れを受け継いでい る。本稿では、北條先生の研究を中心に、歯車に関する研究の変遷を紹介する。,歯車に魅せられて,北條 春夫,77-4-hojo.pdf,77,物質理工学院,,,,,,,,,,,,,,,,,,
対象を自由自在に操る制御理論は、今や機械分野だけに留まらず、電力、化学、経済などのさまざまな 分野で必要とされている。ある一つの制御理論は、すべての分野で同一に用いることができるのだ。三平 先生は、制御理論の中でも解析が難しいとされる非線形システムを制御するための理論を研究している。 そのために、他の研究者とは違ったアプローチを試みている。,不可能を可能にする 制御理論のために,三平 満司,76-2-sanpei.pdf,76,工学院,,,,,,,,,,,,,,,,,,
大友研究室では、近年注目されている金属酸化物の研究を行なっている。大友先生は、その中でも酸化 亜鉛を電子材料として利用することを考えている。酸化亜鉛は安価で高性能な電子材料としての利用が期 待されているが、半導体としての特性はまだ実用レベルに達していない。本稿では、先生がどのようにし て酸化亜鉛を半導体として利用する道を拓いたのか、その材料化学的な視点について紹介する。,電子材料の未来を担う,大友 明,76-3-otomo.pdf,76,工学院,,,,,,,,,,,,,,,,,,
バイオインフォマティクスという、計算機の上で生命科学を扱う分野がある。測定技術と計算機の発展 により生まれた新しい分野である。大量の情報を高速で処理することができるという計算機の特長を活か すことで、生き物を新たな視点から見ることができるようになるのだ。今回は、瀬々先生の研究を生命科 学的アプローチから紹介する。,計算機で生き物を科学する,瀬々 潤,76-4-sese.pdf,76,情報理工学院,,,,,,,,,,,,,,,,,,
大佛研究室では、時間と空間両方の要素を包括 した、都市に関する時空間データを用いて、大規 模なモデル化やシミュレーションを行っている。 長年にわたって、図書館などの地域施設計画の研 究や、土地利用の用途がどのように変遷するかと いう内容の研究など、都市解析という分野におい て非常に幅広い研究を行ってきた。 本稿で取り上げるのは、最近注目を浴びている 都市の防災に関する研究だ。ダイナミックに変化 する都市内の人の空間分布を明らかにしている一 連の研究は、防災計画などに活用されている。,そのとき、人が動いた,大佛 俊泰,75-1-osatagi.pdf,75,環境・社会理工学院,,,,,,,,,,,,,,,,,,
塚本研究室では、建築意匠について研究をして いる。建築意匠とは、人や建物、都市のあり方を デザインする学問である。これらのあり方は時代 とともに変化するため、人や自然、建築のふるま いを観察することが研究を行う上で重要になる。 ゆえに、塚本研究室ではさまざまな都市リサーチ やフィールドワークを行っている。その経験をも とに手がけたデザインは、住宅やビルの設計、美 術展への出展から都市計画に至るまで、とても幅 広い。建築家である塚本先生が目指す建築とは、 いったいどんなものなのだろうか。,ふるまう人、自然、そして建築,塚本 由晴,75-2-tsukamoto.pdf,75,環境・社会理工学院,,,,,,,,,,,,,,,,,,
高分子関連の産業は日本の化学産業のほとんど を占めており、日本の社会に欠かせない存在であ る。現在、多くの高分子材料が開発されていて、 高層ビル、水道管や電線などのインフラ設備、医 療などあらゆる分野で利用されている。高分子の 研究は活発で、今でも数多くの新素材が開発され ている。今や高分子なくして私たちの生活は語れ ないものとなっている。 佐藤研究室では、水と高分子の関係について親 水性と疎水性の観点から研究し、特異な機能を もった高分子材料の開発を進めている。,高分子と水の不思議な世界,佐藤 満,75-3-sato.pdf,75,その他,,,,,,,,,,,,,,,,,,
モノ・カネ・ヒト・情報……。現代社会は多くのものが錯綜している時代と言える。その中で、企業や政府などの社会組織はそれらを運用して上手く利益を得る必要があるが、それは簡単ではない。特に大きな組織だといろいろな事業を運用する必要があるので、どの事業にどれだけ力を入れれば利益が大きくなるかが非常にわかりにくい。　この問題を解決するための良い手法として、最適化と呼ばれるものがある。今回はその最適化について長年研究している水野研究室を訪ね、お話を伺った。,迷えるあなたを導く最適化,水野 眞治,75-4-mizuno.pdf,75,工学院,,,,,,,,,,,,,,,,,,
生物学は現在、最も発展の著しい学問の一つで ある。そのため、次々と新たな問題が発生し、そ のたびに従来の考え方が通用しなくなってくる。 相澤研究室では、従来の常識では解決できない ような難問を、ゲノム、RNA、タンパク質、細 胞などのさまざまな視点で見ることにより解き明 かそうと研究を行っている。先生の研究内容は広 い分野にわたっているが、本稿ではその中から、 ncRNA からの遺伝子の発見についてと、その遺 伝子から見つかった非常に珍しいタンパク質の研 究について述べていこう。,生命解析への革新的挑戦,相澤 康則,75-5-aizawa.pdf,75,生命理工学院,,,,,,,,,,,,,,,,,,
インターネットの普及で、コンピュータ間で通 信を行う機会、特に個人情報や機密情報を送受信 する機会が以前に比べ格段に増えている。その際 に、情報が外部に漏れないようにするためには、 情報を暗号化して送る技術が必要である。 尾形研究室では暗号プロトコルと呼ばれる、コ ンピュータ間での暗号を用いた通信のルールにつ いての研究を行っている。本稿では、先生が主に 行っている、暗号プロトコルの改良と、今注目の クラウドに応用できると期待されている検索可能 暗号という暗号プロトコルについて取り上げる。,暗号プロトコルが創り出す未来,尾形 わかは,75-6-ogata.pdf,75,工学院,,,,,,,,,,,,,,,,,,
人は社会の中で他者と関わり合いながら生活し ており、人々のつながりは社会現象に大きな影響 を与えている。 寺野研究室では、人々のつながりと社会の関係 に着目した社会シミュレーションの手法である エージェント・ベース・モデリング（ABM）を用 いて、社会システムを中心にさまざまな分野の研 究を行っている。 本 稿 で は、ABM の 仕 組 み と 利 点、 さ ら に ABM の活用例として貨幣創発に関する研究を紹 介する。,仮想世界から現実を観る,寺野 隆雄,74-1-terano.pdf,74,工学院,,,,,,,,,,,,,,,,,,
タンパク質は私たちの体を構成し、生命活動の 根本である体内の化学反応に関わっている。生体 内には無数のタンパク質が存在し、各々決められ た役割を担っている。生命を支えるこの無数のタ ンパク質はそれぞれ独特な機能をもち、同時に複 雑な立体構造をもっている。 村上研究室では、X 線結晶構造解析という手法 を用いて、タンパク質の複雑な立体構造について 原子レベルでの解析を行っている。そして、それ をもとにしてタンパク質の機能の仕組みを解明し ようとしている。,タンパク質の構造を解き明かす,村上 聡,74-2-murakami.pdf,74,生命理工学院,,,,,,,,,,,,,,,,,,
金属イオンは化合物と結合することによって、 その化合物に特異な性質を生じさせることがあ る。たとえば、私たちの血液中に存在するヘモグ ロビンというタンパク質は鉄イオンを含み、酸素 と結合したり、解離したりするという性質をもっ ている。蒲池研究室では、このような金属イオン を含む化合物を主に研究している。 蒲池研究室では、メタノール合成の効率化と酸 素濃度の測定法を、金属イオンを含む化合物を用 いることで実現することを目標としている。本稿 では、この二つの研究について紹介する。,金属イオンが生み出すちから,蒲池 利章,74-3-kamachi.pdf,74,生命理工学院,,,,,,,,,,,,,,,,,,
今日、SNS や質問サイトといったさまざまな Webサービスが普及している。このようなサイ トでは、サービスの質を高めるためにさまざまな 技術が使われている。 その技術の一つに、村田研究室が研究してい るWeb構造マイニングと呼ばれるものがある。 Web から得られる大量のデータをコンピュータ で処理することにより、新たな知識を得ようとい うものだ。本稿では村田研究室が行ってきた数多 くの研究の中から、コミュニティ抽出とリンク予 測について紹介しよう。,Webデータから新たな知識を,村田 剛志,74-4-murata.pdf,74,情報理工学院,,,,,,,,,,,,,,,,,,
身の周りの機械は、電気やガソリンなどのさま ざまな動力によって動いている。中でも、空気圧 を動力としている機械は、非常に軽量であり、柔 軟性に富んでいる点で特徴的だ。 川嶋研究室では、空気圧を動力として最大限に 活用するための制御方法を研究し、研究で得られ た知識を利用して実際に空気圧を動力とする装置 の開発を行っている。本稿では、腹腔鏡手術を遠 隔で行うことができる腹腔鏡手術ロボットを中心 に、川嶋研究室で開発されている革新的な装置に ついて紹介していく。,空気圧の有効利用を目指して,川嶋 健嗣,73-1-kawashima.pdf,73,その他,,,,,,,,,,,,,,,,,,
地球内部ダイナミクスとは、地球内部の物質の 循環とその機構に関する分野である。地球内部の マントルと呼ばれる層は熱対流しており、その影 響として地震や火山活動が起こっている。そのた め、地球内部ダイナミクスを研究することは地球 の活動を解明することにつながる。 岩森先生は、沈み込み帯と呼ばれる場所での火 山活動には水が関係していると考えており、そこ での水の移動を追っている。その手法としてシ ミュレーションを利用している。本稿ではどのよ うに水の移動を追っているのかを紹介する。,沈み込み帯での水を追う,岩森 光,73-2-iwamori.pdf,73,理学院,,,,,,,,,,,,,,,,,,
コンピュータに人間の思考に近い情報処理をさ せ、実際の社会問題を解決するには、問題に関連 する情報を分析し、それに合わせて人工知能の技 術を用いてさまざまなシステムを作り、さらにそ れらを適切に組み合わせることが必要となる。 新田研究室では、人工知能の技術と、それらを 用いて実際の社会問題を解決する方法についての 研究を行っている。本稿では、新田研究室で行わ れている数多くの研究の中から、先生が特に力を 入れている、調停の司会者の教育を支援するシス テムについて紹介する。,人間とコンピュータの対話へ,新田 克己,73-3-nitta.pdf,73,その他,,,,,,,,,,,,,,,,,,
化学反応を進める際、触媒として関与している のが酵素である。人間は昔から、アルコール発酵 やイースト発酵など、酵素の力を借りてきた。現 在では、酵素は化学プラントで触媒として用いら れ、新薬として承認される化合物の合成にも関与 して、化学工業になくてはならない存在である。 江口研究室では、微生物が合成する化合物がど のように合成されているのか、どのような機能を もつのかを化学の視点から明らかにしようとして いる。本稿ではこのような先生の研究の中からい くつかの酵素を紹介する。,酵素化学の道を拓く,江口 正,73-4-eguchi.pdf,73,理学院,,,,,,,,,,,,,,,,,,
人間は、より快適な生活をするために工学を研 究、利用してきた。工学技術の利用に伴うエネル ギーの大量消費によって、化石燃料の枯渇が懸念 されている。さらに先の東日本大震災以降、エネ ルギー供給量についての不安も高まっている。 佐藤・齊藤研究室で研究を行っているエネル ギー利用工学は、エネルギーの有効利用を目的と している。今までよりエネルギーをうまく利用す る方法を考え、より大きな成果をあげようとする この分野は、現代に必要とされている分野である だろう。,新たな視点からのエネルギー利用,佐藤・齊藤,73-5-sato-saito.pdf,73,工学院,,,,,,,,,,,,,,,,,,
去る２月に新図書館が無事竣工しました。新図 書館は、５月 30 日に地上の学習エリアのオープ ン、９月 26 日に地下の図書館エリアを含めた全 館のグランドオープンが予定されています。本号 の特別企画では、新図書館が建設された経緯・設 計上の特徴・館内の各種設備を紹介します。,東工大の新図書館,,72-2-konishi.pdf,72,その他,,,,,,,,,,,,,,,,,特別企画,
近年、ネットワーク技術の進歩やさまざまな通信 機器の普及により、私たちは大量の情報をリアルタ イムで受け取れるようになった。 時々刻々と送られてくる大量の情報をリアルタイ ムで扱うために、データストリーム処理という新た なデータ処理が注目されている。データストリーム 処理は、送られてくるデータを逐次的に処理するこ とで、リアルタイムでのデータ処理を可能とする。 鈴村研究室では、データストリーム処理のソフト ウェアを設計することを想定し、その上で浮かび上 がってくるさまざまな課題を研究している。,リアルタイムでの大規模データ処理,鈴村 豊太郎,72-3-suzumura.pdf,72,その他,,,,,,,,,,,,,,,,,,
田中先生らの研究室では暗号理論の研究が行わ れている。暗号理論とは、暗号の計算手順や実際 の利用手順、およびそれらの安全性などを研究す る分野である。その研究範囲は広く、電子的に秘 密のやりとりをするものは全て暗号理論に入ると 考えてよいだろう。私たちがインターネット、金 融などのシステムを安心して使えるのも、この研 究分野があってこそといえる。 本稿では先生らの研究の中から、暗号の理論的 研究が始まるきっかけとなった、秘密分散と公開 鍵暗号に関するものを、それぞれ紹介する。,現実的状況を考慮した暗号へ,田中 圭介,72-4-tanaka.pdf,72,情報理工学院,,,,,,,,,,,,,,,,,,
エネルギーの安定供給や低炭素社会の実現のた め、政府は太陽光発電の普及拡大を目指している。 具体的には、導入量を 2020 年までに現状の 20 倍 程度にすることを目標に掲げている。 そのためには、発電量が大きく変動する太陽光 発電の大規模導入に耐えられる送電網の実現が必 要不可欠であり、現在、次世代送電網を整備する 国家プロジェクトが目下進行中である。赤木先生 は、そのプロジェクトで電圧の安定化と電力の過 不足の解消を目的とした無効電力制御装置と電力 貯蔵装置の研究開発を担っている。,次世代送電網の実現を目指して,赤木 泰文,72-5-akagi.pdf,72,工学院,,,,,,,,,,,,,,,,,,
現在、日本人の死因として最も多いのはがんで ある。がんの特効薬は未だ開発されておらず、多 くのがん患者が特効薬の開発を待ち望んでいる。 近藤先生は、がん細胞の中の低酸素領域と呼ば れる特徴的な部分に注目した。先生はこの低酸素 領域に着目し、融合タンパク質を用いて、この部 分に有効ながん治療薬の開発を目指している。 また、先生は新しい動物実験の手法も考案して いる。治療薬を実用化するためには動物実験が非 常に重要であるためだ。本稿では、これらの先生 の研究について簡単に紹介していこう。,環境標的がん治療の明日を探る,近藤 科江,72-6-kondo.pdf,72,生命理工学院,,,,,,,,,,,,,,,,,,
東京工業大学には「TSUBAME」という名称のスーパーコンピュータ、通称スパコン が存在する。「TSUBAME」という名前には東京工業大学のシンボルマークであるつばめ が掛けられている。TSUBAME は 2006 年から運用を開始し、初期の TSUBAME 1.0 か ら TSUBAME 1.2 への進化を経て、2010 年、さらなる性能の向上をとげて、TSUBAME 2.0 としての運用が始まった。これを機に今号の特別企画では、TSUBAME の設計者である 松岡先生にお話を伺った。,トップレベルの スパコン TSUBAME,,71-1-TSUBAME.pdf,71,その他,,,,,,,,,,,,,,,,,特別企画,
セラミックスとは、人工的に熱処理を施した、 金属酸化物を主成分とする無機化合物を指す。セ ラミックスは今や我々の生活に不可欠なものと なっており、特に、電磁気に関わる性質が利用さ れる電子セラミックスは、電化製品には必ずと いってよいほど用いられている。 鶴見・武田研究室では、学生個人ができるだけ 自由に研究するという形式をとり、さまざまな研 究を行っている。本稿では、研究室で行われてい る多くの研究のうち、非鉛圧電セラミックスと人 工超格子を用いた誘電体についてお話を伺った。,未来のセラミックスを考える,鶴見・武田,71-2-tsurumi-takeda.pdf,71,物質理工学院,,,,,,,,,,,,,,,,,,
錯体とは、金属原子に配位子が配位結合した化 合物である。錯体は配位する分子やイオンによっ て反応性が大きく変わり、特徴的な反応を起こす 錯体も数多く存在する。 川口研究室では、通常の環境では起こらない反 応を実現させるための方法の探求を行っており、 その中でもヒドリド錯体を用いた不活性分子の活 性化に注目している。本稿では川口先生が今まで 行ってきたさまざまな研究の中でも、窒素分子と 一酸化炭素分子の活性化にスポットを当てて紹介 していく。,分子活性化への道を拓く,川口 博之,71-3-kawaguchi.pdf,71,理学院,,,,,,,,,,,,,,,,,,
生物の体には、生物の設計図である DNA の受 けた損傷を修復したり、遺伝情報の多様性を生み 出したりする仕組みが備わっている。その仕組み の一つである相同組換えは、大変興味深い機構を もっている。 岩㟢研究室は、これまで相同組換えの反応機構 研究を分子や原子のレベルで開拓してきた。その 成果は、現在の分子遺伝学を支える基礎的な知識 となっている。本稿では、相同組換えの基本反応 に関わるタンパク質を中心に、多大な労力をかけ て獲得された相同組換えの実像を紹介していく。,相同組換えの真理に迫る,岩㟢 博史,71-4-iwasaki.pdf,71,生命理工学院,,,,,,,,,,,,,,,,,,
音声合成の技術は、我々の身近なところではバ スや鉄道の車内放送、カーナビゲーション、天気 概況、株式市況などで用いられている。現在実用 化されている音声合成では、生成された音声の品 質が悪いか、あるいは品質が良くても特定の人の 声しか生成できず、また感情のこもっていない声 しか生成できなかった。 小林研究室では、隠れマルコフモデルを用いて、 色々な人の音声や感情がこもった音声を合成する ための研究を行っている。本稿では、先生らが行っ ている三つの研究について紹介する。,一歩先の音声合成を目指して,小林 隆夫,71-5-kobayashi.pdf,71,工学院,,,,,,,,,,,,,,,,,,
経済学とは、経済活動を計算ができるようにモ デル化して研究する学問である。経済学は研究の 対象によって様々な分野に分類されている。有名 なものとして、市場を扱うミクロ経済学、一国の 経済を扱うマクロ経済学、国家間の取引を扱う国 際経済学などがある。 金子研究室では、マクロ経済学のモデルをもと にした、国際貿易に関する研究や、消費税や経済 政策が経済に与える影響についての研究を行って いる。金子研究室が行っているこれらの研究につ いて紹介していく。,マクロ経済学から世界を解く,金子 昭彦,70-1-kaneko.pdf,70,環境・社会理工学院,,,,,,,,,,,,,,,,,,
東工大の学生は、誰もが何かしらの援助を受けながらキャンパ スライフを送っている。しかし、各機関が提供している支援につい て十分に知り、活用できている学生は少ないだろう。 今号の特別企画では、東工大で学生のサポートを担う三つの 部署、学生支援課の草彅課長、東工大生協の毎田前専務理事、 学生支援GPの山田特任准教授に取材し、伺った話をもとに東工 大で行われている学生支援活動をまとめた。読者がさまざまな支 援を知り、より快適な大学生活を送れるようになることを願う。,東工大の学生支援,,70-2-gakuseishien.pdf,70,その他,,,,,,,,,,,,,,,,,特別企画,
大腸菌に感染する T4 ファージというウイルス がある。T4 ファージの構造は複雑で、解析も完 了しておらず、感染機構や形成機構においても解 明されていない謎が未だ数多く残っている。有坂 研究室では、さまざまな手法を用いてこれらの謎 を解明しようとしている。 本稿の執筆にあたり有坂先生から、現在行って いる T4 ファージの構造解析、感染機構や形成機 構の解明の手法、加えて先生たちの代表的な研究 手法である超遠心分析と、超遠心分析機を用いた 研究について、お話を伺った。,T4 ファージの謎を追い求めて,有坂 文雄,70-3-arisaka.pdf,70,生命理工学院,,,,,,,,,,,,,,,,,,
コンピュータ技術が発達した現代においても、 人間の高度な判断力や発想力はコンピュータに真 似できるようなものではない。そこで、人間の代 わりとしてコンピュータに仕事をさせる技術ば かりでなく、人間の能力を引き出す環境をコン ピュータで作るような技術も重要になってくる。 高橋研究室では、人間の能力を活用した製品開 発の効率化を目的として、バーチャルリアリティ と呼ばれる技術について高橋先生と田中先生の二 人で研究を行っている。それでは、先生らが現在 行っている研究について紹介していこう。,人間の能力を活かすＶＲ,高橋 秀智,70-4-takahashi.pdf,70,その他,,,,,,,,,,,,,,,,,,
われわれ人間は、約 60 兆個もの細胞からなっ ている。生物が生きていくうえで、細胞増殖を行 うことは必須である。では、細胞増殖はどのよう にしてコントロールされているのだろうか。 喜多村研究室では、HGF という細胞増殖因子 と細胞増殖との関わりを研究している。また、細 胞の異常に関わる病の治療薬として、HGF に可 能性を見出し、HGF を医療分野で応用する研究 にも手を広げている。本稿では、HGF から始ま るシグナル伝達、HGF とが,細胞増殖の神秘に迫る,喜多村・駒田,70-5-kitamira-komada.pdf,70,生命理工学院,,,,,,,,,,,,,,,,,,
私たちの住む太陽系では、太陽を中心として、 その周りを八つの惑星が公転している。これらの 惑星はどのようにしてできたのだろうか。そのプ ロセスは今も完全にはわかっておらず、世界中の 研究者達がさまざまなアプローチを用いて研究し ている。その中で、中本研究室では、円盤 ･ ダス ト ･ 輻 ふくしゃ 射の三つをキーワードにして、惑星形成プ ロセスについて研究している。そして最近では、 ｢輻射｣ に特に関わりの深い、大質量恒星につい ても研究している。本稿ではそれらの成果の一部 を紹介する。,星々の起源を紐解く,中本 泰史,69-1-nakamoto.pdf,69,理学院,,,,,,,,,,,,,,,,,,
CERN での素粒子物理学の研究は、近年報道 で多く取り上げられるなど、世界的に注目されて いる研究である。陣内先生は、以前その CERN でシミュレーションに関するグループのリーダー を務めていた。さらに先生は、2009 年に東京工 業大学で研究室を立ち上げ、陣内研究室として素 粒子物理学の研究に貢献している。CERN での 研究の目標である、質量の起源となるヒッグス粒 子の発見や、いくつもの問題を解決する可能性を 秘めた超対称性粒子の発見などのため、陣内研究 室は日々研究を行っている。,素粒子物理学の最先端をゆく,陣内 修,69-2-jinnochi.pdf,69,理学院,,,,,,,,,,,,,,,,,,
インターネットに代表されるように、私たちの 身の回りにある多くのものは互いに何らかのつな がりを持っている。だが、今までの科学はものに 注目することが多く、その間にあるつながりに注 目することは少なかった。 藤田研究室では、つながりの中でも群れの中に おける動物の個体同士のつながりに注目し、協調 制御という制御を研究している。また、視覚は動 物にとって重要な役割を果たしていることから、 カメラで得られる光学情報を用いた制御の研究も 行っている。,つながりを科学する新たな分野,藤田 政之,69-3-fujita.pdf,69,工学院,,,,,,,,,,,,,,,,,,
生物物理学という学問がある。これは、物理学 的な観点や手法を用いて、生命体を構成する細胞 などの構造や仕組みを研究する学問である。徳永 研究室では、生物物理学の 1 分野である 1 分子イ メージングの技術を開発するとともに、実際の生 物学への応用を試みている。1 分子イメージング により細胞内のタンパク質分子の動きを直接見る ことができるようになり、多くの新しい事実が明 らかにされている。本稿では、１分子イメージン グの歴史的な背景と共に、徳永研究室の最新の研 究を紹介する。,細胞の真の動きを見きわめる,徳永 万喜洋,69-4-tokunaga.pdf,69,生命理工学院,,,,,,,,,,,,,,,,,,
有機化学という分野は、ひとくくりにできない ほど、研究内容が多岐に渡っている分野である。 すでに我々の生活に役立っている研究もあれば、 発見されて間もない未知の物質の研究もあり、そ のため、研究者の個性が強く表れやすい分野であ ると言える。 高田研究室では、さまざまなアプローチで最先 端の化学に挑戦している。本稿ではその中でも、 プラスチックレンズ原料をはじめとした高分子の 研究と、まだ研究が始まって間もない超分子の研 究について紹介する。,結びついた分子のゆくえ,高田 十志和,69-5-takata.pdf,69,物質理工学院,,,,,,,,,,,,,,,,,,
国立大学の法人化がなされ、大学間の競争が激 しくなっている今日、東工大も、より良い大学へ と日々変革していく必要に迫られている。「教育 サービス」という視点から大学力の向上を目指し、 2009 年４月、東工大に TOKYO TECH OCW-i と教務 Web システムの二つのシステムが新しく 導入された。 TOKYO TECH OCW/OCW-i の統合システム について、これを設計 ･ 開発した真島先生に、教 務 Web システムについて教務課学部グループに、 お話を伺った。,ocw/ocw-iと教務Webシステム,,68-1-ocw-i..pdf,68,その他,,,,,,,,,,,,,,,,,,
原子の中心に存在する原子核は、陽子と中性子 が核力により結びついた、核子の集合体である。 その大きさは原子と比べて非常に小さく、半径が およそ 10-15 m 程度しかない。通常の原子核構造 については我々が知っている通り、すでにほとん どのことが解明されている。しかしその一方で、 極端に中性子の数が多い中性子過剰核などの不安 定核については、未だその性質が解明されておら ず、現在、多くの研究者が解明に取り組んでいる。 本稿では、中村先生が加速器実験を通して行っ ている、中性子過剰核の研究について紹介する。,中性子過剰核に魅せられて,中村 隆司,68-2-nakamura.pdf,68,理学院,,,,,,,,,,,,,,,,,,
和田先生は光の持つ性質に関連したさまざまな 研究を行っており、それらが将来的に環境問題の 解決に貢献することを目標としている。 先生はナノハイブリッドと呼ばれる物質を用い て、光を制御することを研究テーマの一つとして いる。ナノハイブリッドの生成にマイクロ波を利 用した際、さまざまな現象が見つかったため、現 在ではマイクロ波を用いた物質製造プロセスも研 究テーマに加えている。本稿では、先生が現在並 行して研究を行っているこれら二つのテーマに関 連し、四つの研究を紹介する。,「光」の可能性を求めて,和田・山中,68-3-wada-yamanaka.pdf,68,物質理工学院,,,,,,,,,,,,,,,,,,
循環型社会への移行が急がれる現在、廃棄物処 理やリサイクル、材料製造プロセスの革新が求め られている。廃棄物処理は、ただ廃棄物を分解す ればよいというわけではなく、有害な副生成物を 抑制しながら効率的に行わなければならない。リ サイクルや材料製造の効率化も徹底していく必要 がある。これらを実現する新しい方法として、渡 辺先生はプラズマのさまざまな性質を活かしたも のを考案している。先生の研究成果は近年大きな 注目を集めており、本稿ではそのいくつかを紹介 する。,プラズマで循環型社会を拓く,渡辺 隆行,68-4-watanabe.pdf,68,その他,,,,,,,,,,,,,,,,,,
インターネットが発達、普及するにつれて、送 受信されたり蓄積されたりするデータの量は急激 に増加している。しかし、インターネットの回線 は世界中に張り巡らされているため、機器の改良 などによる通信性能の向上が困難になっている。 酒井・山岡研究室では、通信環境を向上させて このような状況に対処するために、効率の良い情 報処理の論理や仕組みを考案している。主にネッ トワークの制御技術と、マルチメディアの処理方 法を総合的に研究しているが、本稿ではその研究 の一部について紹介する。,ユーザに優しいインターネット,酒井 ･ 山岡,68-5-sakai-yamaoka.pdf,68,工学院,,,,,,,,,,,,,,,,,,
建築物はその目的の機能を満たしつつ、地震や 風などの外力条件に耐えられる安全性を確保しな ければならない。それらの条件のもとで合理的な 建築構造及び設計を追求することを和田研究室で は目的としている。その為には構造材料の力学的 性質を詳しく調べて、それに基づいた理論により 構造物の力学的挙動を解明できる方法を確立する 必要がある。 本稿では、コンピュータによる構造物の力学的 挙動解析の精度向上と免震構造や制振構造の改善 を紹介する。,安全な建築物を設計するために,和田 章,68-6-wada.pdf,68,環境・社会理工学院,,,,,,,,,,,,,,,,,,
近年、脳科学の研究が盛んになってきている。 脳機能の障害により起こる病気の原因は多岐に渡 るが、そのひとつに神経伝達物質の異常が挙げら れる。神経伝達物質は、神経細胞間の連絡に重要 な役割を果たしている。神経伝達物質の合成や分 泌に異常があると、脳が正常に働かなくなり、身 体をうまく動かせなくなる場合がある。 本稿では、パーキンソン病などの難病の原因と なる神経伝達物質について、その生合成の調節機 構に関する、一瀬宏教授が行っている研究を紹介 していく。,難病解決への糸口を探る,一瀬 宏,68-7-ichise.pdf,68,生命理工学院,,,,,,,,,,,,,,,,,,
ヒトの DNA の解読と解析は完了し、多くの疾 患が DNA 上にある遺伝子の変異によって引き起 こされることがわかりつつある。疾患の原因とな る遺伝子の変異の有無を調べ、治すには、DNA と似た構造の分子を用いればよいと考えられた。 しかし、DNA と全く同じ構造の分子では、うま くいかない。関根・清尾研究室では、遺伝子診断 や治療のできる分子を、化学的な視点からデザイ ンし、合成する研究を行っている。ヒトの体がも つ精巧な高分子、DNA を下敷きに、それを超え る分子づくりについて、お話を伺った。,核酸分子をデザインする,関根・清尾,68-8-sekine-seio.pdf,68,生命理工学院,,,,,,,,,,,,,,,,,,
穐田・吉沢研究室は、資源化学研究所スマート マテリアル部門として 2002 年に新設された研究 室である。新たなる材料として注目されるスマー トマテリアルは、研究され始めて日が浅く、未だ 一般的な姿が捉えられていない。専門的な研究の 方法も未だ確立されておらず、多方面からの研究 がなされている。 本稿では、穐田・吉沢研究室の研究内容の中で も、スマートマテリアルを創り出す研究と、スマー トマテリアルに関連づけられる研究についてお話 を伺った。,賢い分子を創る,穐田・吉沢,67-1-akita-yoshizawa.pdf,67,その他,,,,,,,,,,,,,,,,,,
現代の先進技術の一つとして、デジタル画像に 関する研究が盛んに行われており、テレビやデジ タルカメラなどの映像機器の性能は著しく向上し ている。また、カメラを用いて取得できる画像情 報は、人間の視覚情報と同様に大きな情報量を持 つため、さまざまな方法で活用されている。 奥富・田中研究室はそのような技術の研究の一 端を担っている。この記事では画像の品質を向上 させるため、また、画像情報を用いて自動車の運 転支援をするため、奥富・田中研究室が行ってい る研究について紹介する。,進歩し続ける画像処理,奥富・田中,67-2-okutomi-tanaka.pdf,67,工学院,,,,,,,,,,,,,,,,,,
さまざまな生物種の間にある形の違いは何に由 来するのか。その原因についての洞察は、生命現 象のより深い理解につながり、また発生異常の予 防などにも応用できる有用なものである。 田中先生はさまざまな動物の手足の発生を研究 することで、脊椎動物の形態がつくられる際の法 則を調べようとしている。先生は、研究する上で 役立つと思われた多くの手法を次々に取り入れて いるため、その研究内容は多岐にわたっている。 これまでの先生の研究の軌跡と先生が現在行って いる研究の一端を具体的に紹介しよう。,生物の形を手足から探求する,田中 幹子,67-3-tanaka.pdf,67,生命理工学院,,,,,,,,,,,,,,,,,,
今の勉強をする環境、仕事をする環境にあなた は満足しているだろうか。知的な刺激が少なく、 アイデアの浮かびにくい環境や、浮かんだアイデ アが形にならないまま失われていくような環境で 勉強したり、働いたりしてはいないだろうか。 妹尾研究室では、人の知識創造を支援するシス テムを作る方法を研究している。ここでは創造性 を高めるオフィス作りの研究を紹介しよう。あな たが新たな知識資産を生み出したいのなら、オ フィスを変えてみてはどうだろう。オフィスは きっとあなたをサポートしてくれるはずだ。,新たなオフィスのあり方,妹尾 大,67-4-seno.pdf,67,工学院,,,,,,,,,,,,,,,,,,
コンピュータプログラムの最適化や安全性を高 めるという目的で、プログラムがどのような構造 を持ち、動作をしているのかということを解析す る必要がでてきた。この解析をするために、プロ グラミング言語がどのような構造を持つのかを知 る必要がある。 西崎研究室では、プログラミング言語を解析す るための基礎を研究している。プログラミング言 語の文法や、文法に従って記述されたプログラム の意味の定義の方法を定義することにより、プロ グラムの動作を解析することが可能になる。,λ計算の可能性を追求する,西崎 真也,67-5-nishizaki.pdf,67,情報理工学院,,,,,,,,,,,,,,,,,,
近年、温暖化の一因と考えられている CO2 を 少しでも減らすため、世界中でさまざまな取り組 みが行われている。温暖化の進行を完全に食い止 めるには、新たなクリーンエネルギーの開発や省 エネルギー化の促進により、排出される CO2 の 量を抜本的に削減することが必要不可欠とされて いるのだ。 花村研究室では、社会の持続可能な発展を実現 するために、CO2 排出量の抑制につながるさま ざまな研究を行っている。それらの研究を３つに 分けて紹介していこう。,エネルギー効率の向上へ,花村 克悟,66-1-hanamura.pdf,66,工学院,,,,,,,,,,,,,,,,,,
私たち人類の身の周りには、人工的に作られた ものを含めて、数え切れないほどの物質が存在し ている。しかし、その中で性質が明らかになって いるものはあまり多くない。材料科学や材料工学 と呼ばれる学問は、性質の明らかにされていない 物質の中から、人類に有益な物質を見つけ出すこ とを目的としている。 今回、話を伺った細野・神谷研究室では、斬新 な研究手法により、世界を驚かせる発見をいくつ もしてきている。そのような発見のいきさつと、 材料研究のこれからについて紹介しよう。,常識を覆す新材料,細野・神谷,66-2-hosono-kamiya.pdf,66,物質理工学院,,,,,,,,,,,,,,,,,,
機械学習と呼ばれる技術は、様々な形で私たち の生活を支えている。平仮名の漢字変換、インター ネット検索、指紋認証、ゲームの AI、例を挙げ ればきりがない。 杉山研究室ではそれぞれの応用例に対して個別 に取り組むことよりも、それらに共通する課題の 解決に力をそそいでいる。 その中でも『密度比』という考え方は、応用例 の多くに共通する課題を解決できる。今回の取材 では密度比とそのさまざまな応用例について話を 伺った。,より賢いコンピューターへ,杉山 将,66-3-sugiyama.pdf,66,情報理工学院,,,,,,,,,,,,,,,,,,
ヒトは、強酸性や強塩基性の液体に触れると皮 膚を損傷する。もちろん、このような液体の中に 浸かることはできない。しかし、この地球上には 強酸・強塩基性の水中で生息している生物もいる。 また、100 度を超える熱湯中や、死海など塩濃度 の高い場所にまで、生物の存在が確認されている。 では、こういった生物はどのような仕組みによっ て厳しい環境に適応しているのだろうか。 この生物たちの持つタンパク質に注目し、その 仕組みを実用化しようと酵素の研究をしている中 村聡教授に話を伺った。,極限酵素が切り拓く未来,中村 聡,66-4-nakamura.pdf,66,生命理工学院,,,,,,,,,,,,,,,,,,
今日、生産されているロボットの種類は多岐に 渡る。中には、テレビにより紹介されるものもあ るなど、身近になっている。一方で、産業の進化 に伴い、複雑な機構を持つロボットが増え、制御 に要求される技術や精度は日々高度化している。 ロボットの高精度な制御を可能とすることに よって、社会のさまざまなニーズに応えていくこ とが、山浦・黄研究室の目標である。今回は、そ の中でも黄先生の研究である、安定した二足歩行 や作業能力の拡張などを目標とした、制御方法に ついての話を伺った。,新たな制御による多様な可能性,山浦・黄,66-5-yamaura-huang.pdf,66,工学院系,,,,,,,,,,,,,,,,,,
物理学は、物の理（もののことわり）と言われ るように物質を対象とする学問である。物理学の 分野には、原子を構成している核子やさらに小さ いクォークなど、微視的な視点を対象にする「素 粒子物理学」と、宇宙全体の大規模構造から小さ なところまでを巨視的な視点で研究を行う「宇宙 物理学」という分野がある。これらは両極のスケー ルを研究対象にしているが、お互いに影響しあっ ている。今回は極小スケールの素粒子物理学のう ちニュートリノに関する研究を行っている久世研 究室の紹介をしていく。,ニュートリノの神秘を追い求めて,久世 正弘,65-1-kuze.pdf,65,理学院,,,,,,,,,,,,,,,,,,
化学という学問は、物理化学・無機化学・有機 化学・生物化学など多岐に渡るが、石谷研究室は その中でも主に無機化学、特に錯体に関する研究 を行っている。近年の錯体化学の発展には目覚ま しいものがあり、これらに関する研究がさまざま な分野で応用されることが期待されているのだ。 ここでは、光触媒として働く錯体を利用して二 酸化炭素などを還元したり、錯体を結合した分子 により光を制御したりする技術を用いることに よって、光合成の人工的な再現を目指す研究につ いて紹介しよう。,人工光合成が創り出す未来,石谷 治,65-2-ishitani.pdf,65,理学院,,,,,,,,,,,,,,,,,,
人は自身の体だけではなし得ない作業を機械に 行わせることで発展を遂げた。そして今、人は自 身の体を機械で補う技術を研究している。また、 人は機械を作ったが、機械は必ずしも人の思うよ うに動いているわけではない。人はより理想的な 機械操作を実現できるはずである。 この二つのテーマを解決するのが、八木研究室 で行われた、神経という電気的かつ生体的な回路 と機械を融合させるための神経インタフェースの 研究だ。八木先生に医用生体工学の成果と今後の 行方を伺った。,機械と人体をつなぐ技術,八木 透,65-3-yagi.pdf,65,工学院,,,,,,,,,,,,,,,,,,
ペリオスチンというタンパク質がある。99 年 に工藤先生が発見し、命名したものだ。ペリオス チンは歯の組織で発見され、当初は歯を含む骨組 織の再生に働くとされていた。しかし、研究が進 むにつれ実は他にも多様な機能をもっていること がわかってきた。最近では、ガン細胞の増殖抑制 や心筋梗塞後の組織の修復にも関わっていること が確実になり、世界中で研究が行われている。医 療への応用が期待され、多方面に広がりつつある ペリオスチン研究。工藤研究室ではこのうち、骨 と心臓に焦点をあてて研究を行っている。,ペリオスチンが医療を変える,工藤 明,65-4-kudo.pdf,65,生命理工学院,,,,,,,,,,,,,,,,,,
都市や地域は少なからず観光地としての側面を 持っている。また、人間活動においても日常と違 う旅は、私たちに潤いや明日への活力を与える重 要な時間だ。このように、社会が空間と人間活動 によって構成されると考えたとき、社会を研究す る上で観光は重要な切り口となる。 十代田研究室ではこのような観点から、観光と まちづくりについて研究を行っている。そこで、 初めにまちづくりを取り巻く環境の変化を、次に 実際の観光とまちづくりの取り組みを、最後に観 光に関する歴史的研究について紹介しよう。,魅力あるまちと観光を目指して,十代田 朗,65-5-soshiroda.pdf,65,環境・社会理工学院,,,,,,,,,,,,,,,,,,
